企业名称,线索id,线索标题,线索链接,作品ID,作品名,维权状态,掌柜名,店铺名,店铺链接,线索入库时间,店铺状态,开店时间,店铺类型
山下有松（北京）文化传播有限公司,32162806,【卢昱晓同款】山下松Songmont背包2024新款牛仔卢昱晓同款公文包,https://item.taobao.com/item.htm?id=784900061633&skuId=5358065628534,199423,Songmont,维权成功,冯广商贸,山下松包包折扣店,https://shop599571644.taobao.com,2024/5/10 17:25,1,2023/9/21 23:26,老店
山下有松（北京）文化传播有限公司,32163610,songmont山下有松鹿皮挂耳托特包百搭轻背负通勤大容量肩斜挎包,https://item.taobao.com/item.htm?id=793485497705&skuId=5416013104291,199423,Songmont,维权成功,zuiaiyakult,潮流星座,https://shop107275827.taobao.com,2024/5/10 19:47,0,,未知
山下有松（北京）文化传播有限公司,32163611,Songmont巧克力包系列mini包新款牛皮链条迷你手机包小方包推荐,https://item.taobao.com/item.htm?id=737103541461&skuId=5092448777924,199423,Songmont,维权成功,tb901536041,d[s247498513],https://shop247498513.taobao.com,2024/5/10 19:47,1,2023/7/6 18:27,老店
山下有松（北京）文化传播有限公司,32162819,崧Songmont山下有松中号新款菜篮子包新版锁扣水桶包大容量手提包,https://item.taobao.com/item.htm?id=769076277883&skuId=5273450896607,199423,Songmont,维权成功,tb7775351808,奥莱美包代购,https://shop523920899.taobao.com,2024/5/10 17:27,0,,未知
山下有松（北京）文化传播有限公司,32163363,Songmont中号菜篮子系列女设计师款头层牛皮大容量通勤手提水桶包,https://item.taobao.com/item.htm?id=793929762785&skuId=5419017880899,199423,Songmont,维权成功,tb735565724985,花花的五金大全,https://shop474258021.taobao.com,2024/5/10 18:37,0,,未知
山下有松（北京）文化传播有限公司,32164104,Songmont巧克力系列双肩包设计师新款头层牛皮大容量13寸电脑背包,https://item.taobao.com/item.htm?id=746721664822&skuId=5148676352930,199423,Songmont,维权成功,tb730186106,知恩美包代购,https://shop413744916.taobao.com,2024/5/10 21:31,0,,未知
山下有松（北京）文化传播有限公司,32164107,Songmont山下有松中号菜篮子系列女头层牛皮大容量通勤手提水桶包,https://item.taobao.com/item.htm?id=746949970215&skuId=5319906018142,199423,Songmont,维权成功,tb730186106,知恩美包代购,https://shop413744916.taobao.com,2024/5/10 21:32,0,,未知
山下有松（北京）文化传播有限公司,32164115,Songmont小号保龄球包系列波士顿包头层牛皮新款设计师单肩手提,https://item.taobao.com/item.htm?id=746950190411&skuId=5323314167718,199423,Songmont,维权成功,tb730186106,知恩美包代购,https://shop413744916.taobao.com,2024/5/10 21:34,0,,未知
山下有松（北京）文化传播有限公司,32164117,Songmont挂耳系列水桶包女斜挎单肩春夏新款头层牛皮大容量通勤包,https://item.taobao.com/item.htm?id=746949594960&skuId=5319905722462,199423,Songmont,维权成功,tb730186106,知恩美包代购,https://shop413744916.taobao.com,2024/5/10 21:35,0,,未知
山下有松（北京）文化传播有限公司,32164119,Songmont山下有松中号豆腐包重置系列设计师斜挎小方包龚琳娜推荐,https://item.taobao.com/item.htm?id=747046819205&skuId=5319905662895,199423,Songmont,维权成功,tb730186106,知恩美包代购,https://shop413744916.taobao.com,2024/5/10 21:36,0,,未知
山下有松（北京）文化传播有限公司,32165658,Songmont挂耳系列屋檐包设计师新款头层牛皮通勤手提斜挎hobo包,https://item.taobao.com/item.htm?id=747046459999&skuId=5148676844394,199423,Songmont,维权成功,tb730186106,知恩美包代购,https://shop413744916.taobao.com,2024/5/11 9:56,0,,未知
山下有松（北京）文化传播有限公司,32165659,Songmont小号巧克力包系列设计师新款牛皮斜挎链条软手机包小方包,https://item.taobao.com/item.htm?id=746949862632&skuId=5319906014103,199423,Songmont,维权成功,tb730186106,知恩美包代购,https://shop413744916.taobao.com,2024/5/11 9:57,0,,未知
山下有松（北京）文化传播有限公司,32165661,Songmont山下有松中号月弯包松月系列设计师月牙包通勤单肩腋下包,https://item.taobao.com/item.htm?id=746721560994&skuId=5323312743240,199423,Songmont,维权成功,tb730186106,知恩美包代购,https://shop413744916.taobao.com,2024/5/11 9:58,0,,未知
山下有松（北京）文化传播有限公司,32165660,Songmont元宝包mini菜篮子春夏系列设计师款手提斜挎迷你小手机包,https://item.taobao.com/item.htm?id=747046931001&skuId=5152620709501,199423,Songmont,维权成功,tb730186106,知恩美包代购,https://shop413744916.taobao.com,2024/5/11 9:58,0,,未知
山下有松（北京）文化传播有限公司,32165662,Songmont大号麂皮挂耳托特包设计师款慵懒通勤单肩斜挎包董洁推荐,https://item.taobao.com/item.htm?id=746722004138&skuId=5319905978147,199423,Songmont,维权成功,tb730186106,知恩美包代购,https://shop413744916.taobao.com,2024/5/11 9:59,0,,未知
山下有松（北京）文化传播有限公司,32163352,【卢昱晓同款】Songmont山下有松山行系列老花游历公文包双肩包,https://item.taobao.com/item.htm?id=793837067336&skuId=5421843157105,199423,Songmont,维权成功,tb727382497320,豆豆的五金大全,https://shop459799521.taobao.com,2024/5/10 18:35,0,,未知
山下有松（北京）文化传播有限公司,32163708,Songmont山下有松中号菜篮子包女时尚手拎水桶包大容量头层牛皮手,https://item.taobao.com/item.htm?id=785417060278&skuId=5364877733804,199423,Songmont,维权成功,tb719289785966,EWQQW,https://shop508785150.taobao.com,2024/5/10 19:50,0,,未知
山下有松（北京）文化传播有限公司,32164103,Songmont山下有松电脑双肩包黑色鳄鱼纹头层牛皮消失的她朱一龙款,https://item.taobao.com/item.htm?id=793917783218&skuId=5422284825328,199423,Songmont,维权成功,tb627791720604,果果五金大全,https://shop275610021.taobao.com,2024/5/10 21:31,0,,未知
山下有松（北京）文化传播有限公司,32163004,songmont屋檐包崧包系列女款牛皮大容量通勤斜挎手提水桶单肩包包,https://item.taobao.com/item.htm?id=759991210674&skuId=5410973623095,199423,Songmont,维权成功,tb5024242176,奥特名包汇,https://shop462748328.taobao.com,2024/5/10 17:35,0,,未知
山下有松（北京）文化传播有限公司,32162999,Songmont挂耳托特包牛皮轻背负通勤单肩斜挎包13寸电脑包大容量包,https://item.taobao.com/item.htm?id=783057137216&skuId=5515571914980,199423,Songmont,维权成功,tb5024242176,奥特名包汇,https://shop462748328.taobao.com,2024/5/10 17:35,0,,未知
山下有松（北京）文化传播有限公司,32163006,Songmont菜篮子包系列女款牛皮大容量通勤斜挎手提水桶休闲包包,https://item.taobao.com/item.htm?id=777894418753&skuId=5315180280233,199423,Songmont,维权成功,tb5024242176,奥特名包汇,https://shop462748328.taobao.com,2024/5/10 17:36,0,,未知
山下有松（北京）文化传播有限公司,32163024,山下有松Songmont麂皮挂耳托特包大容量复古通勤包单肩斜挎电脑包,https://item.taobao.com/item.htm?id=785938121227&skuId=5364836720074,199423,Songmont,维权成功,tb5024242176,奥特名包汇,https://shop462748328.taobao.com,2024/5/10 17:38,0,,未知
山下有松（北京）文化传播有限公司,32163712,songmont中号菜篮子包系列女设计师款头层牛皮大容量手提水桶包女,https://item.taobao.com/item.htm?id=679540833230&skuId=5044752550393,199423,Songmont,维权成功,tb352964374,轻奢代购包包店,https://shop345989149.taobao.com,2024/5/10 19:51,0,,未知
山下有松（北京）文化传播有限公司,32163714,songmont崧羊皮手工编织包春夏新款单肩斜挎包设计师款豆腐小方包,https://item.taobao.com/item.htm?id=661233591501&skuId=4767289077842,199423,Songmont,维权成功,tb0298214708,咖黄百货商贸,https://shop456538541.taobao.com,2024/5/10 19:51,1,2021/4/21 18:13,老店
山下有松（北京）文化传播有限公司,32559723,UISISong松半日闲国风老花系列中号菜篮子大容量通勤手提包,https://item.taobao.com/item.htm?id=754989686867,199423,Songmont,维权成功,Songmont 折扣店,Songmont 折扣店,https://store.taobao.com/shop/view_shop.htm?appUid=RAzN8HWRdansPEPPVcSjczxCDsQvYvTpQDTEJ3VMMgoyi52i2iQ,2024/6/28 22:39,0,,未知
山下有松（北京）文化传播有限公司,32572933,【山下有松林】卢昱晓同款山行系列游历公文包帆布牛仔双肩包女包,https://item.taobao.com/item.htm?id=798588631982,199423,Songmont,维权成功,Song松太古店,Song松太古店,https://store.taobao.com/shop/view_shop.htm?appUid=RAzN8HWMk559bArbe9SYMsGKP7uf157mrEGHbNfC89jdfn6MBpr,2024/6/30 9:48,0,,未知
山下有松（北京）文化传播有限公司,32572962,【山下有松林】手提新版斜挎水桶包大容量锁扣女包真皮包菜篮子包,https://item.taobao.com/item.htm?id=803609319498,199423,Songmont,维权成功,Song松太古店,Song松太古店,https://store.taobao.com/shop/view_shop.htm?appUid=RAzN8HWMk559bArbe9SYMsGKP7uf157mrEGHbNfC89jdfn6MBpr,2024/6/30 9:48,0,,未知
山下有松（北京）文化传播有限公司,32572926,【山下有松林】大号麂皮挂耳托特包设计师款慵懒通勤单肩斜挎包女,https://item.taobao.com/item.htm?id=803645955826,199423,Songmont,维权成功,Song松太古店,Song松太古店,https://store.taobao.com/shop/view_shop.htm?appUid=RAzN8HWMk559bArbe9SYMsGKP7uf157mrEGHbNfC89jdfn6MBpr,2024/6/30 9:48,0,,未知
山下有松（北京）文化传播有限公司,32573009,【山下有松林】2024新款风格MM真皮双肩包时尚百搭单肩包迷你背包,https://item.taobao.com/item.htm?id=807112331738,199423,Songmont,维权成功,Song松太古店,Song松太古店,https://store.taobao.com/shop/view_shop.htm?appUid=RAzN8HWMk559bArbe9SYMsGKP7uf157mrEGHbNfC89jdfn6MBpr,2024/6/30 9:48,0,,未知
山下有松（北京）文化传播有限公司,32572981,【山下有松林】李娜同款山行系列随游小挎包植鞣牛皮单肩斜挎包女,https://item.taobao.com/item.htm?id=808056667832,199423,Songmont,维权成功,Song松太古店,Song松太古店,https://store.taobao.com/shop/view_shop.htm?appUid=RAzN8HWMk559bArbe9SYMsGKP7uf157mrEGHbNfC89jdfn6MBpr,2024/6/30 9:48,0,,未知
山下有松（北京）文化传播有限公司,32559714,Songmont山下有松高级感手提包包女包2024新款春夏百搭女士单肩斜,https://item.taobao.com/item.htm?id=798570801417,199423,Songmont,维权成功,Song山下专柜,Song山下专柜,https://store.taobao.com/shop/view_shop.htm?appUid=RAzN8HWKdn2hTdcqdFaocWLKJN9CKaA4gbcyQ48mXTnoSe6ZLLo,2024/6/28 22:39,0,,未知
山下有松（北京）文化传播有限公司,32572960,【山下有松林】卢昱晓同款豆腐包重置系列设计款斜挎小方包腋下包,https://item.taobao.com/item.htm?id=799177842256,199423,Songmont,维权成功,Song林下有松,Song林下有松,https://store.taobao.com/shop/view_shop.htm?appUid=RAzN8HWUjFhBY8YC81wkq3Ktkq1fR2rkKNNGHbfyXVoBFXkL2yp,2024/6/30 9:48,0,,未知
山下有松（北京）文化传播有限公司,32572952,【山下有松林】卢昱晓同款山行系列牛仔帆布小挎包单肩斜挎包女包,https://item.taobao.com/item.htm?id=802499152672,199423,Songmont,维权成功,Song林下有松,Song林下有松,https://store.taobao.com/shop/view_shop.htm?appUid=RAzN8HWUjFhBY8YC81wkq3Ktkq1fR2rkKNNGHbfyXVoBFXkL2yp,2024/6/30 9:48,0,,未知
山下有松（北京）文化传播有限公司,32572959,【山下有松林】董洁同款麂皮挂耳托特包通勤单肩斜挎包美拉德穿搭,https://item.taobao.com/item.htm?id=803265891606,199423,Songmont,维权成功,Song林下有松,Song林下有松,https://store.taobao.com/shop/view_shop.htm?appUid=RAzN8HWUjFhBY8YC81wkq3Ktkq1fR2rkKNNGHbfyXVoBFXkL2yp,2024/6/30 9:48,0,,未知
山下有松（北京）文化传播有限公司,32572948,【山下有松林】挂耳托特包设计师款丹宁牛仔拼皮通勤单肩斜挎包女,https://item.taobao.com/item.htm?id=803490370538,199423,Songmont,维权成功,Song林下有松,Song林下有松,https://store.taobao.com/shop/view_shop.htm?appUid=RAzN8HWUjFhBY8YC81wkq3Ktkq1fR2rkKNNGHbfyXVoBFXkL2yp,2024/6/30 9:48,0,,未知
山下有松（北京）文化传播有限公司,32572955,【山下有松林】蒋方舟同款帆布挂耳托包单肩包轻便慵懒通勤斜挎包,https://item.taobao.com/item.htm?id=803497686205,199423,Songmont,维权成功,Song林下有松,Song林下有松,https://store.taobao.com/shop/view_shop.htm?appUid=RAzN8HWUjFhBY8YC81wkq3Ktkq1fR2rkKNNGHbfyXVoBFXkL2yp,2024/6/30 9:48,0,,未知
山下有松（北京）文化传播有限公司,32572934,【山下有松树】挂耳系列屋檐包新款头层牛皮通勤手提斜挎hobo包女,https://item.taobao.com/item.htm?id=803552276147,199423,Songmont,维权成功,Song林下有松,Song林下有松,https://store.taobao.com/shop/view_shop.htm?appUid=RAzN8HWUjFhBY8YC81wkq3Ktkq1fR2rkKNNGHbfyXVoBFXkL2yp,2024/6/30 9:48,0,,未知
山下有松（北京）文化传播有限公司,32572969,【山下有松林】元宝包mini菜篮子系列设计款手提斜挎迷你小手机包,https://item.taobao.com/item.htm?id=804066800194,199423,Songmont,维权成功,Song林下有松,Song林下有松,https://store.taobao.com/shop/view_shop.htm?appUid=RAzN8HWUjFhBY8YC81wkq3Ktkq1fR2rkKNNGHbfyXVoBFXkL2yp,2024/6/30 9:48,0,,未知
山下有松（北京）文化传播有限公司,32572971,【山下有松林】李娜同款循迹系列hobo包植鞣牛皮通勤单肩斜挎软包,https://item.taobao.com/item.htm?id=805196649695,199423,Songmont,维权成功,Song林下有松,Song林下有松,https://store.taobao.com/shop/view_shop.htm?appUid=RAzN8HWUjFhBY8YC81wkq3Ktkq1fR2rkKNNGHbfyXVoBFXkL2yp,2024/6/30 9:48,0,,未知
山下有松（北京）文化传播有限公司,32572982,【山下有松林】卢昱晓同款山行系列老花游历公文包双肩包通勤包女,https://item.taobao.com/item.htm?id=805279879506,199423,Songmont,维权成功,Song林下有松,Song林下有松,https://store.taobao.com/shop/view_shop.htm?appUid=RAzN8HWUjFhBY8YC81wkq3Ktkq1fR2rkKNNGHbfyXVoBFXkL2yp,2024/6/30 9:48,0,,未知
山下有松（北京）文化传播有限公司,32572974,【山下有松林】菜篮子系列女设计款头层牛皮大容量通勤手提水桶包,https://item.taobao.com/item.htm?id=805344934108,199423,Songmont,维权成功,Song林下有松,Song林下有松,https://store.taobao.com/shop/view_shop.htm?appUid=RAzN8HWUjFhBY8YC81wkq3Ktkq1fR2rkKNNGHbfyXVoBFXkL2yp,2024/6/30 9:48,0,,未知
山下有松（北京）文化传播有限公司,32572994,【山下有松林】李娜同款山行系列随游小挎包植鞣牛皮单肩斜挎包女,https://item.taobao.com/item.htm?id=807761725369,199423,Songmont,维权成功,Song林下有松,Song林下有松,https://store.taobao.com/shop/view_shop.htm?appUid=RAzN8HWUjFhBY8YC81wkq3Ktkq1fR2rkKNNGHbfyXVoBFXkL2yp,2024/6/30 9:48,0,,未知
山下有松（北京）文化传播有限公司,32559739,Songmont山下有松头层牛皮togo软真皮菜篮子水桶包女小包手提包大,https://item.taobao.com/item.htm?id=800073731760,199423,Songmont,维权成功,Song mont正品折扣店,Song mont正品折扣店,https://store.taobao.com/shop/view_shop.htm?appUid=RAzN8HWSBu6Lo35Jebd1MB4ZxHeLhMo12hhkNM791yE33eU5VAf,2024/6/28 22:39,0,,未知
山下有松（北京）文化传播有限公司,32559770,Songmont山下有松头层牛皮迷你小手提包百搭单肩斜挎女包togo软真,https://item.taobao.com/item.htm?id=800073847639,199423,Songmont,维权成功,Song mont正品折扣店,Song mont正品折扣店,https://store.taobao.com/shop/view_shop.htm?appUid=RAzN8HWSBu6Lo35Jebd1MB4ZxHeLhMo12hhkNM791yE33eU5VAf,2024/6/28 22:39,0,,未知
山下有松（北京）文化传播有限公司,32559797,Songmont山下有松时尚牛皮包女2024新款潮大容量水桶包百搭通勤真,https://item.taobao.com/item.htm?id=800075051310,199423,Songmont,维权成功,Song mont正品折扣店,Song mont正品折扣店,https://store.taobao.com/shop/view_shop.htm?appUid=RAzN8HWSBu6Lo35Jebd1MB4ZxHeLhMo12hhkNM791yE33eU5VAf,2024/6/28 22:39,0,,未知
山下有松（北京）文化传播有限公司,32559715,Songmont山下有松真皮包包女2024新款通勤女包高级质感斜挎包大容,https://item.taobao.com/item.htm?id=800075759050,199423,Songmont,维权成功,Song mont正品折扣店,Song mont正品折扣店,https://store.taobao.com/shop/view_shop.htm?appUid=RAzN8HWSBu6Lo35Jebd1MB4ZxHeLhMo12hhkNM791yE33eU5VAf,2024/6/28 22:39,0,,未知
山下有松（北京）文化传播有限公司,32559681,Songmont山下有松真皮小包质感软牛皮迷你号小方包2024新款时尚单,https://item.taobao.com/item.htm?id=800075887367,199423,Songmont,维权成功,Song mont正品折扣店,Song mont正品折扣店,https://store.taobao.com/shop/view_shop.htm?appUid=RAzN8HWSBu6Lo35Jebd1MB4ZxHeLhMo12hhkNM791yE33eU5VAf,2024/6/28 22:39,0,,未知
山下有松（北京）文化传播有限公司,32559824,Songmont山下有松真皮手拎水桶包包女2024新款春夏小众设计高级质,https://item.taobao.com/item.htm?id=800076079531,199423,Songmont,维权成功,Song mont正品折扣店,Song mont正品折扣店,https://store.taobao.com/shop/view_shop.htm?appUid=RAzN8HWSBu6Lo35Jebd1MB4ZxHeLhMo12hhkNM791yE33eU5VAf,2024/6/28 22:39,0,,未知
山下有松（北京）文化传播有限公司,32559780,Songmont山下有松高品质小众设计真皮水桶包新款大容量通勤单肩斜,https://item.taobao.com/item.htm?id=800153818670,199423,Songmont,维权成功,Song mont正品折扣店,Song mont正品折扣店,https://store.taobao.com/shop/view_shop.htm?appUid=RAzN8HWSBu6Lo35Jebd1MB4ZxHeLhMo12hhkNM791yE33eU5VAf,2024/6/28 22:39,0,,未知
山下有松（北京）文化传播有限公司,32559726,Songmont山下有松真皮菜篮子水桶包包女2024新款潮高级感小众斜挎,https://item.taobao.com/item.htm?id=800155218975,199423,Songmont,维权成功,Song mont正品折扣店,Song mont正品折扣店,https://store.taobao.com/shop/view_shop.htm?appUid=RAzN8HWSBu6Lo35Jebd1MB4ZxHeLhMo12hhkNM791yE33eU5VAf,2024/6/28 22:39,0,,未知
山下有松（北京）文化传播有限公司,32559749,Songmont山下有松斜挎包女士包包2024新款潮高级感时尚夏季迷你精,https://item.taobao.com/item.htm?id=800155874065,199423,Songmont,维权成功,Song mont正品折扣店,Song mont正品折扣店,https://store.taobao.com/shop/view_shop.htm?appUid=RAzN8HWSBu6Lo35Jebd1MB4ZxHeLhMo12hhkNM791yE33eU5VAf,2024/6/28 22:39,0,,未知
山下有松（北京）文化传播有限公司,32559798,Songmont山下有松今年流行包包女2024新款高级质感法式小众真皮斜,https://item.taobao.com/item.htm?id=800155970383,199423,Songmont,维权成功,Song mont正品折扣店,Song mont正品折扣店,https://store.taobao.com/shop/view_shop.htm?appUid=RAzN8HWSBu6Lo35Jebd1MB4ZxHeLhMo12hhkNM791yE33eU5VAf,2024/6/28 22:39,0,,未知
山下有松（北京）文化传播有限公司,32559818,Songmont山下有松复古包包通勤手机包女斜挎2024年新款夏季时尚小,https://item.taobao.com/item.htm?id=800181322331,199423,Songmont,维权成功,Song mont正品折扣店,Song mont正品折扣店,https://store.taobao.com/shop/view_shop.htm?appUid=RAzN8HWSBu6Lo35Jebd1MB4ZxHeLhMo12hhkNM791yE33eU5VAf,2024/6/28 22:39,0,,未知
山下有松（北京）文化传播有限公司,32559673,Songmont山下有松水桶包女大容量真皮包包2024新款高级感简约单肩,https://item.taobao.com/item.htm?id=800182234277,199423,Songmont,维权成功,Song mont正品折扣店,Song mont正品折扣店,https://store.taobao.com/shop/view_shop.htm?appUid=RAzN8HWSBu6Lo35Jebd1MB4ZxHeLhMo12hhkNM791yE33eU5VAf,2024/6/28 22:39,0,,未知
山下有松（北京）文化传播有限公司,32559761,Songmont山下有松头层牛皮大容量通勤水桶包时尚休闲托特单肩斜挎,https://item.taobao.com/item.htm?id=800283025717,199423,Songmont,维权成功,Song mont正品折扣店,Song mont正品折扣店,https://store.taobao.com/shop/view_shop.htm?appUid=RAzN8HWSBu6Lo35Jebd1MB4ZxHeLhMo12hhkNM791yE33eU5VAf,2024/6/28 22:39,0,,未知
山下有松（北京）文化传播有限公司,32559671,Songmont山下有松真皮女包法式迷你托特包togo头层牛皮时尚手提包,https://item.taobao.com/item.htm?id=800283489302,199423,Songmont,维权成功,Song mont正品折扣店,Song mont正品折扣店,https://store.taobao.com/shop/view_shop.htm?appUid=RAzN8HWSBu6Lo35Jebd1MB4ZxHeLhMo12hhkNM791yE33eU5VAf,2024/6/28 22:39,0,,未知
山下有松（北京）文化传播有限公司,32559807,Songmont山下有松真皮包包女2024新款潮软皮大容量水桶包时尚单肩,https://item.taobao.com/item.htm?id=800284569535,199423,Songmont,维权成功,Song mont正品折扣店,Song mont正品折扣店,https://store.taobao.com/shop/view_shop.htm?appUid=RAzN8HWSBu6Lo35Jebd1MB4ZxHeLhMo12hhkNM791yE33eU5VAf,2024/6/28 22:39,0,,未知
山下有松（北京）文化传播有限公司,32559808,Songmont山下有松新款togo头层牛皮女包质感斜挎小包真皮单肩斜挎,https://item.taobao.com/item.htm?id=800285053094,199423,Songmont,维权成功,Song mont正品折扣店,Song mont正品折扣店,https://store.taobao.com/shop/view_shop.htm?appUid=RAzN8HWSBu6Lo35Jebd1MB4ZxHeLhMo12hhkNM791yE33eU5VAf,2024/6/28 22:39,0,,未知
山下有松（北京）文化传播有限公司,32559687,Songmont山下有松法式云朵包今年流行狮岭包包女2024新款休闲软牛,https://item.taobao.com/item.htm?id=800285961331,199423,Songmont,维权成功,Song mont正品折扣店,Song mont正品折扣店,https://store.taobao.com/shop/view_shop.htm?appUid=RAzN8HWSBu6Lo35Jebd1MB4ZxHeLhMo12hhkNM791yE33eU5VAf,2024/6/28 22:39,0,,未知
山下有松（北京）文化传播有限公司,32559668,Songmont山下有松牛皮新款水桶包真皮单肩斜挎时尚尾货容量大慵懒,https://item.taobao.com/item.htm?id=800311821413,199423,Songmont,维权成功,Song mont正品折扣店,Song mont正品折扣店,https://store.taobao.com/shop/view_shop.htm?appUid=RAzN8HWSBu6Lo35Jebd1MB4ZxHeLhMo12hhkNM791yE33eU5VAf,2024/6/28 22:39,0,,未知
山下有松（北京）文化传播有限公司,32559772,Songmont山下有松托特包大容量真皮包包女通勤包高级感法棍包手提,https://item.taobao.com/item.htm?id=800330120076,199423,Songmont,维权成功,Song mont正品折扣店,Song mont正品折扣店,https://store.taobao.com/shop/view_shop.htm?appUid=RAzN8HWSBu6Lo35Jebd1MB4ZxHeLhMo12hhkNM791yE33eU5VAf,2024/6/28 22:39,0,,未知
山下有松（北京）文化传播有限公司,32559661,Songmont山下有松挂耳托特包小个子设计师款牛皮慵懒通勤包单肩斜,https://item.taobao.com/item.htm?id=800330692687,199423,Songmont,维权成功,Song mont正品折扣店,Song mont正品折扣店,https://store.taobao.com/shop/view_shop.htm?appUid=RAzN8HWSBu6Lo35Jebd1MB4ZxHeLhMo12hhkNM791yE33eU5VAf,2024/6/28 22:39,0,,未知
山下有松（北京）文化传播有限公司,32559813,Songmont山下有松手提包包女2024新款小众高级感水桶包通勤真皮上,https://item.taobao.com/item.htm?id=800332132169,199423,Songmont,维权成功,Song mont正品折扣店,Song mont正品折扣店,https://store.taobao.com/shop/view_shop.htm?appUid=RAzN8HWSBu6Lo35Jebd1MB4ZxHeLhMo12hhkNM791yE33eU5VAf,2024/6/28 22:39,0,,未知
山下有松（北京）文化传播有限公司,32559742,Songmont山下有松真皮女包2024新款软皮休闲包饺子包小众设计感百,https://item.taobao.com/item.htm?id=800332480804,199423,Songmont,维权成功,Song mont正品折扣店,Song mont正品折扣店,https://store.taobao.com/shop/view_shop.htm?appUid=RAzN8HWSBu6Lo35Jebd1MB4ZxHeLhMo12hhkNM791yE33eU5VAf,2024/6/28 22:39,0,,未知
山下有松（北京）文化传播有限公司,32559743,Songmont山下有松真皮女包水桶包2024新款春季子母包丝巾装饰高级,https://item.taobao.com/item.htm?id=800333004093,199423,Songmont,维权成功,Song mont正品折扣店,Song mont正品折扣店,https://store.taobao.com/shop/view_shop.htm?appUid=RAzN8HWSBu6Lo35Jebd1MB4ZxHeLhMo12hhkNM791yE33eU5VAf,2024/6/28 22:39,0,,未知
山下有松（北京）文化传播有限公司,32559811,Songmont山下有松真皮女包2024新款秋冬百搭小方包软皮休闲斜挎包,https://item.taobao.com/item.htm?id=800333156462,199423,Songmont,维权成功,Song mont正品折扣店,Song mont正品折扣店,https://store.taobao.com/shop/view_shop.htm?appUid=RAzN8HWSBu6Lo35Jebd1MB4ZxHeLhMo12hhkNM791yE33eU5VAf,2024/6/28 22:39,0,,未知
山下有松（北京）文化传播有限公司,32572991,【山下有松】崧新中式山下有中号保龄球包系列波士顿包头层牛皮新,https://item.taobao.com/item.htm?id=800003239155,199423,Songmont,维权成功,song 崧万象城广州店,song 崧万象城广州店,https://store.taobao.com/shop/view_shop.htm?appUid=RAzN8HWXbmTXhbzT32wGfvFcTMRs61hx2x5y46n8ZEVbx5ePAtF,2024/6/30 9:48,0,,未知
山下有松（北京）文化传播有限公司,32572935,【山下有松】崧山下有挂耳系列屋檐包小号设计师款牛皮通勤手提斜,https://item.taobao.com/item.htm?id=800007247434,199423,Songmont,维权成功,song 崧万象城广州店,song 崧万象城广州店,https://store.taobao.com/shop/view_shop.htm?appUid=RAzN8HWXbmTXhbzT32wGfvFcTMRs61hx2x5y46n8ZEVbx5ePAtF,2024/6/30 9:48,0,,未知
山下有松（北京）文化传播有限公司,32572939,【山下有松】崧2024新款时尚巧克力系列韩版双肩包头层牛皮大容量,https://item.taobao.com/item.htm?id=800086690038,199423,Songmont,维权成功,song 崧万象城广州店,song 崧万象城广州店,https://store.taobao.com/shop/view_shop.htm?appUid=RAzN8HWXbmTXhbzT32wGfvFcTMRs61hx2x5y46n8ZEVbx5ePAtF,2024/6/30 9:48,0,,未知
山下有松（北京）文化传播有限公司,32572945,【山下有松】崧山下有坐忘系列陶桶包秋冬新单肩大容量水桶包,https://item.taobao.com/item.htm?id=800215705690,199423,Songmont,维权成功,song 崧万象城广州店,song 崧万象城广州店,https://store.taobao.com/shop/view_shop.htm?appUid=RAzN8HWXbmTXhbzT32wGfvFcTMRs61hx2x5y46n8ZEVbx5ePAtF,2024/6/30 9:48,0,,未知
山下有松（北京）文化传播有限公司,32572937,【山下有松】崧山下有2024新款系列中号山谷托特大容量行囊hobo包,https://item.taobao.com/item.htm?id=800216053683,199423,Songmont,维权成功,song 崧万象城广州店,song 崧万象城广州店,https://store.taobao.com/shop/view_shop.htm?appUid=RAzN8HWXbmTXhbzT32wGfvFcTMRs61hx2x5y46n8ZEVbx5ePAtF,2024/6/30 9:48,0,,未知
山下有松（北京）文化传播有限公司,32572942,【山下有松】崧山下有元宝包mini春夏菜篮子手提迷你小包单肩斜挎,https://item.taobao.com/item.htm?id=800216129331,199423,Songmont,维权成功,song 崧万象城广州店,song 崧万象城广州店,https://store.taobao.com/shop/view_shop.htm?appUid=RAzN8HWXbmTXhbzT32wGfvFcTMRs61hx2x5y46n8ZEVbx5ePAtF,2024/6/30 9:48,0,,未知
山下有松（北京）文化传播有限公司,32573029,【山下有松】崧山下有软船坐忘系列软船包小众高级通勤斜跨,https://item.taobao.com/item.htm?id=800216161362,199423,Songmont,维权成功,song 崧万象城广州店,song 崧万象城广州店,https://store.taobao.com/shop/view_shop.htm?appUid=RAzN8HWXbmTXhbzT32wGfvFcTMRs61hx2x5y46n8ZEVbx5ePAtF,2024/6/30 9:48,0,,未知
山下有松（北京）文化传播有限公司,32572936,【山下有松】崧山下有循迹系列中号旅行包植鞣皮公文包,https://item.taobao.com/item.htm?id=800217821071,199423,Songmont,维权中,song 崧万象城广州店,song 崧万象城广州店,https://store.taobao.com/shop/view_shop.htm?appUid=RAzN8HWXbmTXhbzT32wGfvFcTMRs61hx2x5y46n8ZEVbx5ePAtF,2024/6/30 9:48,0,,未知
山下有松（北京）文化传播有限公司,32572931,【山下有松】崧2024新款屋檐包mini单肩斜挎战包送,https://item.taobao.com/item.htm?id=800263540985,199423,Songmont,维权成功,song 崧万象城广州店,song 崧万象城广州店,https://store.taobao.com/shop/view_shop.htm?appUid=RAzN8HWXbmTXhbzT32wGfvFcTMRs61hx2x5y46n8ZEVbx5ePAtF,2024/6/30 9:48,0,,未知
山下有松（北京）文化传播有限公司,32572944,【山下有松】崧包国风女包新款半日闲2023老花系列山谷托特包通勤,https://item.taobao.com/item.htm?id=800279137455,199423,Songmont,维权成功,song 崧万象城广州店,song 崧万象城广州店,https://store.taobao.com/shop/view_shop.htm?appUid=RAzN8HWXbmTXhbzT32wGfvFcTMRs61hx2x5y46n8ZEVbx5ePAtF,2024/6/30 9:48,0,,未知
山下有松（北京）文化传播有限公司,32572984,李娜同款山下有松song循迹系列hobo包植鞣牛皮大容量单肩斜挎软包,https://item.taobao.com/item.htm?id=802004455244,199423,Songmont,维权成功,N D X 你的行李箱,N D X 你的行李箱,https://1caypvhm9gt8g7s1dsgjp2gnc745izg.taobao.com,2024/6/30 9:48,1,2024/5/7 18:40,老店
山下有松（北京）文化传播有限公司,32162820,Songmont巧克力系列16寸电脑双肩包小众设计师款头层牛皮双肩背包,https://item.taobao.com/item.htm?id=777307057170&skuId=5315558101413,199423,Songmont,维权成功,liguoyong321,BABI兔,https://shop115155276.taobao.com,2024/5/10 17:27,1,2014/11/16 20:32,老店
山下有松（北京）文化传播有限公司,32572943,山下有松挂耳系列头层牛皮mini屋檐包通勤百搭单肩斜挎hobo女包包,https://item.taobao.com/item.htm?id=797223534882,199423,Songmont,维权中,d[s414631919],d[s414631919],https://store.taobao.com/shop/view_shop.htm?appUid=RAzN8HWa92HB5CkhgwPdyVRoNBcNNnkBRkfQWz2qpErpxvnPiGR,2024/6/30 9:48,0,,未知
山下有松（北京）文化传播有限公司,32573018,【山下有松树】中号月弯包松月系列设计师月牙包通勤单肩腋下包女,https://item.taobao.com/item.htm?id=802517595249,199423,Songmont,维权成功,d[s151662755],d[s151662755],https://store.taobao.com/shop/view_shop.htm?appUid=RAzN8HWJGCEDbiitYXTQQpefQVKDFPMfR3dgVjzzSnHToYemmRn,2024/6/30 9:48,0,,未知
山下有松（北京）文化传播有限公司,32572995,【山下有松树】巧克力包系列云吞锁扣设计新款头层牛皮链条小方包,https://item.taobao.com/item.htm?id=802535467677,199423,Songmont,维权成功,d[s151662755],d[s151662755],https://store.taobao.com/shop/view_shop.htm?appUid=RAzN8HWJGCEDbiitYXTQQpefQVKDFPMfR3dgVjzzSnHToYemmRn,2024/6/30 9:48,0,,未知
山下有松（北京）文化传播有限公司,32573003,【山下有松树】中号豆腐包重置系列设计师款斜挎小方包杨紫同款女,https://item.taobao.com/item.htm?id=802542771380,199423,Songmont,维权成功,d[s151662755],d[s151662755],https://store.taobao.com/shop/view_shop.htm?appUid=RAzN8HWJGCEDbiitYXTQQpefQVKDFPMfR3dgVjzzSnHToYemmRn,2024/6/30 9:48,0,,未知
山下有松（北京）文化传播有限公司,32572929,【山下有松树】元宝包mini菜篮子系列设计款手提斜挎迷你小手机包,https://item.taobao.com/item.htm?id=802710417144,199423,Songmont,维权成功,d[s151662755],d[s151662755],https://store.taobao.com/shop/view_shop.htm?appUid=RAzN8HWJGCEDbiitYXTQQpefQVKDFPMfR3dgVjzzSnHToYemmRn,2024/6/30 9:48,0,,未知
山下有松（北京）文化传播有限公司,32572967,【山下有松树】挂耳系列屋檐包新款头层牛皮通勤手提斜挎hobo包女,https://item.taobao.com/item.htm?id=802752221437,199423,Songmont,维权成功,d[s151662755],d[s151662755],https://store.taobao.com/shop/view_shop.htm?appUid=RAzN8HWJGCEDbiitYXTQQpefQVKDFPMfR3dgVjzzSnHToYemmRn,2024/6/30 9:48,0,,未知
山下有松（北京）文化传播有限公司,32572961,【山下有松树】李娜同款循迹系列hobo包植鞣牛皮单肩斜挎软包女包,https://item.taobao.com/item.htm?id=804918570997,199423,Songmont,维权成功,d[s151662755],d[s151662755],https://store.taobao.com/shop/view_shop.htm?appUid=RAzN8HWJGCEDbiitYXTQQpefQVKDFPMfR3dgVjzzSnHToYemmRn,2024/6/30 9:48,0,,未知
山下有松（北京）文化传播有限公司,32573008,【山下有松树】蒋方舟同款帆布挂耳托特系列度假风单肩包手提女包,https://item.taobao.com/item.htm?id=804937282793,199423,Songmont,维权成功,d[s151662755],d[s151662755],https://store.taobao.com/shop/view_shop.htm?appUid=RAzN8HWJGCEDbiitYXTQQpefQVKDFPMfR3dgVjzzSnHToYemmRn,2024/6/30 9:48,0,,未知
山下有松（北京）文化传播有限公司,32572954,【山下有松树】山行系列随游牛仔帆布小挎包无性别单肩斜挎包女包,https://item.taobao.com/item.htm?id=805075381250,199423,Songmont,维权成功,d[s151662755],d[s151662755],https://store.taobao.com/shop/view_shop.htm?appUid=RAzN8HWJGCEDbiitYXTQQpefQVKDFPMfR3dgVjzzSnHToYemmRn,2024/6/30 9:48,0,,未知
山下有松（北京）文化传播有限公司,32163746,Songmont大号山下有松崧篮子托特包大容量牛皮简约手提tote包送女,https://item.taobao.com/item.htm?id=785703926522&skuId=5367142465887,199423,Songmont,维权成功,桩159951258,桩桩五金店,https://shop274579332.taobao.com,2024/5/10 20:01,0,,未知
山下有松（北京）文化传播有限公司,32559822,山下有崧肥肥自制韩国ins包包女士2024新款复古辣妹腋下,https://item.taobao.com/item.htm?id=802522191987,199423,Songmont,维权成功,有 崧代购,有 崧代购,https://store.taobao.com/shop/view_shop.htm?appUid=RAzN8HWSBtVxuwkpW2MDtRpeB7nXrSqqdupDBuzkUAR4v1jTzoJ,2024/6/28 22:39,0,,未知
山下有松（北京）文化传播有限公司,32559704,t山下有崧Micocah「深情可颂」斜挎牛角包2024新款包包单,https://item.taobao.com/item.htm?id=802805168358,199423,Songmont,维权成功,有 崧代购,有 崧代购,https://store.taobao.com/shop/view_shop.htm?appUid=RAzN8HWSBtVxuwkpW2MDtRpeB7nXrSqqdupDBuzkUAR4v1jTzoJ,2024/6/28 22:39,0,,未知
山下有松（北京）文化传播有限公司,32163339,Songmont屋檐包小号新款头层牛皮通勤手提斜挎挂耳hobo包,https://item.taobao.com/item.htm?id=792022254639&skuId=5577827971987,199423,Songmont,维权成功,艺艺飞杨,上海有松专柜线上折扣店,https://shop113495134.taobao.com,2024/5/10 18:32,1,2014/9/12 14:48,老店
山下有松（北京）文化传播有限公司,32163618,崧Songmont菜篮子包水桶包头层牛皮大容量通勤手提单肩斜挎女包,https://item.taobao.com/item.htm?id=789879208996&skuId=5391655593356,199423,Songmont,维权成功,艺艺飞杨,上海有松专柜线上折扣店,https://shop113495134.taobao.com,2024/5/10 19:48,1,2014/9/12 14:48,老店
山下有松（北京）文化传播有限公司,32164001,songmont子包女包大容量头层牛皮真皮水桶包女新款2024软皮斜挎包,https://item.taobao.com/item.htm?id=789405632812,199423,Songmont,维权成功,丫丫足行天下,丫丫足行天下,https://shop63614611.taobao.com,2024/5/10 21:12,1,2010/11/23 17:30,老店
山下有松（北京）文化传播有限公司,32164003,songmont子包女包大容量头层牛皮真皮水桶包女新款2024软皮斜挎包,https://item.taobao.com/item.htm?id=789269475752,199423,Songmont,维权成功,丫丫足行天下,丫丫足行天下,https://shop63614611.taobao.com,2024/5/10 21:13,1,2010/11/23 17:30,老店
山下有松（北京）文化传播有限公司,32559658,Songmont山下有松循迹系列观物相机包无性别复古植鞣皮单肩斜挎包,https://item.taobao.com/item.htm?id=808589074448,199423,Songmont,维权中,欣欣国货美包代购,欣欣国货美包代购,https://shop459397220.taobao.com,2024/6/28 22:39,0,,未知
山下有松（北京）文化传播有限公司,32559663,Songmont山下有松挂耳系列mini屋檐包春夏头层牛皮通勤斜挎hobo包,https://item.taobao.com/item.htm?id=808702090105,199423,Songmont,维权成功,欣欣国货美包代购,欣欣国货美包代购,https://shop459397220.taobao.com,2024/6/28 22:39,0,,未知
山下有松（北京）文化传播有限公司,32572928,李娜同款Songmont山下有松循迹系列hobo包植鞣牛皮单肩斜挎软包,https://item.taobao.com/item.htm?id=808849061003,199423,Songmont,维权成功,欣欣国货美包代购,欣欣国货美包代购,https://shop459397220.taobao.com,2024/6/30 9:48,0,,未知
山下有松（北京）文化传播有限公司,32162810,山下有松新版锁扣中号菜篮子设计师款大容量真皮通勤斜挎水桶包女,https://item.taobao.com/item.htm?id=771184974399&skuId=5452322466775,199423,Songmont,维权成功,辛德瑞拉的小包铺,songmont折扣店,https://shop212205755.taobao.com,2024/5/10 17:26,0,,未知
山下有松（北京）文化传播有限公司,32162813,山下有松元宝包春季新款菜篮子mini包牛皮手提单肩斜挎迷你小方包,https://item.taobao.com/item.htm?id=771227570569&skuId=5285627601714,199423,Songmont,维权成功,辛德瑞拉的小包铺,songmont折扣店,https://shop212205755.taobao.com,2024/5/10 17:26,0,,未知
山下有松（北京）文化传播有限公司,32162822,【山下有松】头层牛皮菜篮子新款设计师大容量单肩斜跨手提水桶包,https://item.taobao.com/item.htm?id=783651759425&skuId=5353911853139,199423,Songmont,维权成功,辛德瑞拉的小包铺,songmont折扣店,https://shop212205755.taobao.com,2024/5/10 17:28,0,,未知
山下有松（北京）文化传播有限公司,32163036,山下有松新款挂耳系列屋檐包设计牛皮通勤小方包手提斜挎hobo包,https://item.taobao.com/item.htm?id=760166844164&skuId=5239087056604,199423,Songmont,维权成功,辛德瑞拉的小包铺,songmont折扣店,https://shop212205755.taobao.com,2024/5/10 17:39,0,,未知
山下有松（北京）文化传播有限公司,32163344,山下有松新版锁扣小号菜篮子设计师款大容量真皮通勤斜挎水桶包女,https://item.taobao.com/item.htm?id=790900124504&skuId=5568157947627,199423,Songmont,维权成功,辛德瑞拉的小包铺,songmont折扣店,https://shop212205755.taobao.com,2024/5/10 18:34,0,,未知
山下有松（北京）文化传播有限公司,32163355,【卢昱晓同款】山下有松新款循迹系列中号见物旅行包植鞣皮公文包,https://item.taobao.com/item.htm?id=793891464767&skuId=5587628226049,199423,Songmont,维权成功,辛德瑞拉的小包铺,songmont折扣店,https://shop212205755.taobao.com,2024/5/10 18:36,0,,未知
山下有松（北京）文化传播有限公司,32559729,Songmont山下有松挂耳系列屋檐包大设计师新款通勤手提斜挎hobo包,https://item.taobao.com/item.htm?id=803348417422,199423,Songmont,维权成功,小众设计山下木公,小众设计山下木公,https://store.taobao.com/shop/view_shop.htm?appUid=RAzN8HWTC3hS66rYKP2y68ViynJCkMayNXyCvMhEnNKan3azMnd,2024/6/28 22:39,0,,未知
山下有松（北京）文化传播有限公司,32559675,Songmont山下有松挂耳系列mini屋檐包春夏头层牛皮通勤斜挎hobo包,https://item.taobao.com/item.htm?id=803416236489,199423,Songmont,维权成功,小众设计山下木公,小众设计山下木公,https://store.taobao.com/shop/view_shop.htm?appUid=RAzN8HWTC3hS66rYKP2y68ViynJCkMayNXyCvMhEnNKan3azMnd,2024/6/28 22:39,0,,未知
山下有松（北京）文化传播有限公司,32572947,【山下有松】挂耳系列屋檐包新款头层牛皮通勤手提斜挎包枕头包,https://item.taobao.com/item.htm?id=807725465383,199423,Songmont,维权成功,小悦代购店,小悦代购店,https://store.taobao.com/shop/view_shop.htm?appUid=RAzN8HWMyA4BtVwPzG7E7jdbzUprEGKsQdnhmjGt8G9CLDFXZrV,2024/6/30 9:48,0,,未知
山下有松（北京）文化传播有限公司,32572940,【山下有松】董洁推荐麂皮挂耳托特包设计师款慵懒通勤单肩斜挎包,https://item.taobao.com/item.htm?id=807727077561,199423,Songmont,维权成功,小悦代购店,小悦代购店,https://store.taobao.com/shop/view_shop.htm?appUid=RAzN8HWMyA4BtVwPzG7E7jdbzUprEGKsQdnhmjGt8G9CLDFXZrV,2024/6/30 9:48,0,,未知
山下有松（北京）文化传播有限公司,32572932,【山下有松】巧克力包系列云吞锁扣设计师新款头层牛皮链条小方包,https://item.taobao.com/item.htm?id=807731405229,199423,Songmont,维权成功,小悦代购店,小悦代购店,https://store.taobao.com/shop/view_shop.htm?appUid=RAzN8HWMyA4BtVwPzG7E7jdbzUprEGKsQdnhmjGt8G9CLDFXZrV,2024/6/30 9:48,0,,未知
山下有松（北京）文化传播有限公司,32163719,Songmont女士腰带双面自由搭配裤带设计师新款头层牛皮装饰皮带,https://item.taobao.com/item.htm?id=754697653218&skuId=5372816822533,199423,Songmont,维权成功,小晓柯国际店,d[s599706599],https://shop599706599.taobao.com,2024/5/10 19:52,1,2023/5/7 16:12,老店
山下有松（北京）文化传播有限公司,32572964,山下有松2024新款挂耳系列mini屋檐包春夏头层牛皮通勤斜挎hobo包,https://item.taobao.com/item.htm?id=808545683650,199423,Songmont,维权成功,小可女包代购,小可女包代购,https://store.taobao.com/shop/view_shop.htm?appUid=RAzN8HWXHBqVJ1DFVuo7uedzBxqsa2GxjSkarGKu5taZxxceb9E,2024/6/30 9:48,1,2023/11/16 20:44,老店
山下有松（北京）文化传播有限公司,32572946,山下有松【卢昱晓同款】2024春夏季山行系列老花游历公文包双肩包,https://item.taobao.com/item.htm?id=808797531172,199423,Songmont,维权成功,小可女包代购,小可女包代购,https://store.taobao.com/shop/view_shop.htm?appUid=RAzN8HWXHBqVJ1DFVuo7uedzBxqsa2GxjSkarGKu5taZxxceb9E,2024/6/30 9:48,1,2023/11/16 20:44,老店
山下有松（北京）文化传播有限公司,32572963,李娜同款山下有松2024新款循迹系列hobo包植鞣牛皮单肩斜挎软包,https://item.taobao.com/item.htm?id=808812269843,199423,Songmont,维权成功,小可女包代购,小可女包代购,https://store.taobao.com/shop/view_shop.htm?appUid=RAzN8HWXHBqVJ1DFVuo7uedzBxqsa2GxjSkarGKu5taZxxceb9E,2024/6/30 9:48,1,2023/11/16 20:44,老店
山下有松（北京）文化传播有限公司,32572923,山下2024新款有松菜篮子包牛皮大容量水桶包高级休闲手提斜挎女包,https://item.taobao.com/item.htm?id=797640564301,199423,Songmont,维权成功,香港轻奢品牌包店,香港轻奢品牌包店,https://store.taobao.com/shop/view_shop.htm?appUid=RAzN8HWRKvsWB1GGSQcgdgHAYXeGcf2yYnsRwxD7UkVdyhqAGLC,2024/6/30 9:48,0,,未知
山下有松（北京）文化传播有限公司,32572992,2024新款山下hobo有松屋檐包挂耳系列牛皮单肩斜挎包通勤mini女包,https://item.taobao.com/item.htm?id=798432378250,199423,Songmont,维权成功,香港轻奢品牌包店,香港轻奢品牌包店,https://store.taobao.com/shop/view_shop.htm?appUid=RAzN8HWRKvsWB1GGSQcgdgHAYXeGcf2yYnsRwxD7UkVdyhqAGLC,2024/6/30 9:48,0,,未知
山下有松（北京）文化传播有限公司,32572973,山下2024新款有松挂耳系列小号牛仔行囊hobo包通勤单肩手提斜挎包,https://item.taobao.com/item.htm?id=803192686823,199423,Songmont,维权成功,香港轻奢品牌包店,香港轻奢品牌包店,https://store.taobao.com/shop/view_shop.htm?appUid=RAzN8HWRKvsWB1GGSQcgdgHAYXeGcf2yYnsRwxD7UkVdyhqAGLC,2024/6/30 9:48,0,,未知
山下有松（北京）文化传播有限公司,32559718,Songmont卢昱晓同款山下有松坐忘系列陶桶包秋冬新肩大容量水桶包,https://item.taobao.com/item.htm?id=805206533131,199423,Songmont,维权成功,西西小袋top1,西西小袋top1,https://store.taobao.com/shop/view_shop.htm?appUid=RAzN8HWPe6SEYpNCkR5nZtr77UaTi2jqSVDEmRF3zzm8gafztmT,2024/6/28 22:39,0,,未知
山下有松（北京）文化传播有限公司,32164109,Songmont山下有松小号行囊hobo包半日闲国风老花系列单肩斜挎包,https://item.taobao.com/item.htm?id=787292891984&skuId=5373529516417,199423,Songmont,维权成功,我是美女丁丁01,HK品牌包包2024新款,https://shop578846109.taobao.com,2024/5/10 21:32,0,,未知
山下有松（北京）文化传播有限公司,32164111,Songmont山下有松中号豆腐包重置系列设计师斜挎小方包龚琳娜,https://item.taobao.com/item.htm?id=787333890851&skuId=5373536052834,199423,Songmont,维权成功,我是美女丁丁01,HK品牌包包2024新款,https://shop578846109.taobao.com,2024/5/10 21:33,0,,未知
山下有松（北京）文化传播有限公司,32164113,Songmont山下有松中号月弯包松月系列设计师月牙包通勤单肩腋下包,https://item.taobao.com/item.htm?id=787424029601&skuId=5373554068358,199423,Songmont,维权成功,我是美女丁丁01,HK品牌包包2024新款,https://shop578846109.taobao.com,2024/5/10 21:33,0,,未知
山下有松（北京）文化传播有限公司,32164114,Songmont山下有松半日闲国风老花系列文墨包设计师通勤单肩斜挎包,https://item.taobao.com/item.htm?id=787333554804&skuId=5545888195317,199423,Songmont,维权成功,我是美女丁丁01,HK品牌包包2024新款,https://shop578846109.taobao.com,2024/5/10 21:34,0,,未知
山下有松（北京）文化传播有限公司,32164118,Songmont山下有松半日闲国风老花系列山谷托特包大容量通勤单肩包,https://item.taobao.com/item.htm?id=787333310388&skuId=5373531644737,199423,Songmont,维权成功,我是美女丁丁01,HK品牌包包2024新款,https://shop578846109.taobao.com,2024/5/10 21:35,0,,未知
山下有松（北京）文化传播有限公司,32572927,山下有松挂耳系列mini屋檐包春夏新款牛皮通勤斜挎hobo包,https://item.taobao.com/item.htm?id=809068666337,199423,Songmont,维权成功,万象天地 折扣店,万象天地 折扣店,https://store.taobao.com/shop/view_shop.htm?appUid=RAzN8HWZQqwfLNshexnMYPgLFGwHREZTuq4Y3wiBiYziwNU1v4m,2024/6/30 9:48,0,,未知
山下有松（北京）文化传播有限公司,32572950,【山下有松】中号菜篮子系列设计师款牛皮通勤大容量水桶包,https://item.taobao.com/item.htm?id=809335172038,199423,Songmont,维权成功,万象天地 折扣店,万象天地 折扣店,https://store.taobao.com/shop/view_shop.htm?appUid=RAzN8HWZQqwfLNshexnMYPgLFGwHREZTuq4Y3wiBiYziwNU1v4m,2024/6/30 9:48,0,,未知
山下有松（北京）文化传播有限公司,32559674,Songmont菜篮子包山下有松包包头层牛皮大容量上班通勤手提水桶包,https://item.taobao.com/item.htm?id=802001873461,199423,Songmont,维权成功,松上有山原创设计,松上有山原创设计,https://store.taobao.com/shop/view_shop.htm?appUid=RAzN8HWU4yZrgEMry4EKkGBbmoRe2qPwPDk1q6UnTFMWMt1yH1e,2024/6/28 22:39,1,2024/5/17 13:21,老店
山下有松（北京）文化传播有限公司,32559696,Songmont山下有松挂耳托特系列中号头层牛皮轻背负通勤单肩斜挎包,https://item.taobao.com/item.htm?id=802006209189,199423,Songmont,维权成功,松上有山原创设计,松上有山原创设计,https://store.taobao.com/shop/view_shop.htm?appUid=RAzN8HWU4yZrgEMry4EKkGBbmoRe2qPwPDk1q6UnTFMWMt1yH1e,2024/6/28 22:39,1,2024/5/17 13:21,老店
山下有松（北京）文化传播有限公司,32559711,songmont麂皮挂耳托特包慵懒上班通勤包单肩斜挎包董洁推荐包包,https://item.taobao.com/item.htm?id=804923589062,199423,Songmont,维权成功,松上有山原创设计,松上有山原创设计,https://store.taobao.com/shop/view_shop.htm?appUid=RAzN8HWU4yZrgEMry4EKkGBbmoRe2qPwPDk1q6UnTFMWMt1yH1e,2024/6/28 22:39,1,2024/5/17 13:21,老店
山下有松（北京）文化传播有限公司,32559779,Songmont山下有松高级感包包2024新款潮女包秋冬简约百搭通勤单肩,https://item.taobao.com/item.htm?id=800105667564,199423,Songmont,维权成功,司琬名品,司琬名品,https://store.taobao.com/shop/view_shop.htm?appUid=RAzN8HWV8ybX5V5PgVNwEKgcb7FAEnMUfN1qJz8XammKP6Mhgcp,2024/6/28 22:39,1,,未知
山下有松（北京）文化传播有限公司,32559734,Songmont山下有松欧美大容量女包2024新款包包高级感女士单肩斜挎,https://item.taobao.com/item.htm?id=800105767881,199423,Songmont,维权成功,司琬名品,司琬名品,https://store.taobao.com/shop/view_shop.htm?appUid=RAzN8HWV8ybX5V5PgVNwEKgcb7FAEnMUfN1qJz8XammKP6Mhgcp,2024/6/28 22:39,1,,未知
山下有松（北京）文化传播有限公司,32559769,Songmont山下有松日韩学院风单肩包包女大容量通勤女包高级质感手,https://item.taobao.com/item.htm?id=800108199242,199423,Songmont,维权成功,司琬名品,司琬名品,https://store.taobao.com/shop/view_shop.htm?appUid=RAzN8HWV8ybX5V5PgVNwEKgcb7FAEnMUfN1qJz8XammKP6Mhgcp,2024/6/28 22:39,1,,未知
山下有松（北京）文化传播有限公司,32559778,Songmont山下有松日系潮流宽肩带牛津布饺子包斜挎包男红色质感百,https://item.taobao.com/item.htm?id=800116523799,199423,Songmont,维权成功,司琬名品,司琬名品,https://store.taobao.com/shop/view_shop.htm?appUid=RAzN8HWV8ybX5V5PgVNwEKgcb7FAEnMUfN1qJz8XammKP6Mhgcp,2024/6/28 22:39,1,,未知
山下有松（北京）文化传播有限公司,32559691,Songmont山下有松日韩复古软皮水桶包包女大容量2024新款高级感通,https://item.taobao.com/item.htm?id=800118927461,199423,Songmont,维权成功,司琬名品,司琬名品,https://store.taobao.com/shop/view_shop.htm?appUid=RAzN8HWV8ybX5V5PgVNwEKgcb7FAEnMUfN1qJz8XammKP6Mhgcp,2024/6/28 22:39,1,,未知
山下有松（北京）文化传播有限公司,32559810,Songmont山下有松韩国慵懒风打结肩带软皮单肩包包女ins超火休闲,https://item.taobao.com/item.htm?id=800119659585,199423,Songmont,维权成功,司琬名品,司琬名品,https://store.taobao.com/shop/view_shop.htm?appUid=RAzN8HWV8ybX5V5PgVNwEKgcb7FAEnMUfN1qJz8XammKP6Mhgcp,2024/6/28 22:39,1,,未知
山下有松（北京）文化传播有限公司,32559754,Songmont山下有松尼龙帆布菱格腋下包包女ins超火云朵包时尚百搭,https://item.taobao.com/item.htm?id=800120219180,199423,Songmont,维权成功,司琬名品,司琬名品,https://store.taobao.com/shop/view_shop.htm?appUid=RAzN8HWV8ybX5V5PgVNwEKgcb7FAEnMUfN1qJz8XammKP6Mhgcp,2024/6/28 22:39,1,,未知
山下有松（北京）文化传播有限公司,32559794,Songmont山下有松ins超火网红同款荔枝纹水桶包复古单肩腋下包大,https://item.taobao.com/item.htm?id=800129003883,199423,Songmont,维权成功,司琬名品,司琬名品,https://store.taobao.com/shop/view_shop.htm?appUid=RAzN8HWV8ybX5V5PgVNwEKgcb7FAEnMUfN1qJz8XammKP6Mhgcp,2024/6/28 22:39,1,,未知
山下有松（北京）文化传播有限公司,32559753,Songmont山下有松真皮女包2024新款百搭妈妈包琳迪包斜挎医生包单,https://item.taobao.com/item.htm?id=800184442979,199423,Songmont,维权成功,司琬名品,司琬名品,https://store.taobao.com/shop/view_shop.htm?appUid=RAzN8HWV8ybX5V5PgVNwEKgcb7FAEnMUfN1qJz8XammKP6Mhgcp,2024/6/28 22:39,1,,未知
山下有松（北京）文化传播有限公司,32559814,Songmont山下有松小众设计包包女2024新款春夏单肩斜挎手提包高级,https://item.taobao.com/item.htm?id=800184642907,199423,Songmont,维权成功,司琬名品,司琬名品,https://store.taobao.com/shop/view_shop.htm?appUid=RAzN8HWV8ybX5V5PgVNwEKgcb7FAEnMUfN1qJz8XammKP6Mhgcp,2024/6/28 22:39,1,,未知
山下有松（北京）文化传播有限公司,32559680,Songmont山下有松真皮腋下包女夏斜挎小众设计法棍包包2022新款月,https://item.taobao.com/item.htm?id=800185742776,199423,Songmont,维权成功,司琬名品,司琬名品,https://store.taobao.com/shop/view_shop.htm?appUid=RAzN8HWV8ybX5V5PgVNwEKgcb7FAEnMUfN1qJz8XammKP6Mhgcp,2024/6/28 22:39,1,,未知
山下有松（北京）文化传播有限公司,32559713,Songmont山下有松链条肩带牛仔布包托特包韩国大容量包包女2024新,https://item.taobao.com/item.htm?id=800189286806,199423,Songmont,维权成功,司琬名品,司琬名品,https://store.taobao.com/shop/view_shop.htm?appUid=RAzN8HWV8ybX5V5PgVNwEKgcb7FAEnMUfN1qJz8XammKP6Mhgcp,2024/6/28 22:39,1,,未知
山下有松（北京）文化传播有限公司,32559733,Songmont山下有松ins小众设计软皮手提包小托特包女秋冬新款菜篮,https://item.taobao.com/item.htm?id=800192010181,199423,Songmont,未维权,司琬名品,司琬名品,https://store.taobao.com/shop/view_shop.htm?appUid=RAzN8HWV8ybX5V5PgVNwEKgcb7FAEnMUfN1qJz8XammKP6Mhgcp,2024/6/28 22:39,1,,未知
山下有松（北京）文化传播有限公司,32559764,Songmont山下有松超大容量软皮单肩包包女小众设计慵懒风托特包今,https://item.taobao.com/item.htm?id=800197034618,199423,Songmont,维权成功,司琬名品,司琬名品,https://store.taobao.com/shop/view_shop.htm?appUid=RAzN8HWV8ybX5V5PgVNwEKgcb7FAEnMUfN1qJz8XammKP6Mhgcp,2024/6/28 22:39,1,,未知
山下有松（北京）文化传播有限公司,32559744,Songmont山下有松韩系高级感保龄球小方包单肩斜挎手机包ins超火,https://item.taobao.com/item.htm?id=800198950108,199423,Songmont,维权成功,司琬名品,司琬名品,https://store.taobao.com/shop/view_shop.htm?appUid=RAzN8HWV8ybX5V5PgVNwEKgcb7FAEnMUfN1qJz8XammKP6Mhgcp,2024/6/28 22:39,1,,未知
山下有松（北京）文化传播有限公司,32559698,Songmont山下有松饺子包日韩小众褶皱尼龙帆布包男女胸包大容量轻,https://item.taobao.com/item.htm?id=800204306004,199423,Songmont,维权成功,司琬名品,司琬名品,https://store.taobao.com/shop/view_shop.htm?appUid=RAzN8HWV8ybX5V5PgVNwEKgcb7FAEnMUfN1qJz8XammKP6Mhgcp,2024/6/28 22:39,1,,未知
山下有松（北京）文化传播有限公司,32559809,Songmont山下有松大容量包包女斜挎包2022新款女包高级质感今年流,https://item.taobao.com/item.htm?id=800207826339,199423,Songmont,维权成功,司琬名品,司琬名品,https://store.taobao.com/shop/view_shop.htm?appUid=RAzN8HWV8ybX5V5PgVNwEKgcb7FAEnMUfN1qJz8XammKP6Mhgcp,2024/6/28 22:39,1,,未知
山下有松（北京）文化传播有限公司,32559805,Songmont山下有松2024新款早春百搭高级感真皮凯莉包二代mini休闲,https://item.taobao.com/item.htm?id=800314657206,199423,Songmont,维权成功,司琬名品,司琬名品,https://store.taobao.com/shop/view_shop.htm?appUid=RAzN8HWV8ybX5V5PgVNwEKgcb7FAEnMUfN1qJz8XammKP6Mhgcp,2024/6/28 22:39,1,,未知
山下有松（北京）文化传播有限公司,32559703,Songmont山下有松韩系小众质感单肩水桶包女小个子大容量通勤手提,https://item.taobao.com/item.htm?id=800323613602,199423,Songmont,维权成功,司琬名品,司琬名品,https://store.taobao.com/shop/view_shop.htm?appUid=RAzN8HWV8ybX5V5PgVNwEKgcb7FAEnMUfN1qJz8XammKP6Mhgcp,2024/6/28 22:39,1,,未知
山下有松（北京）文化传播有限公司,32559785,Songmont山下有松韩国慵懒风软皮水桶包女大容量包包时尚通勤单肩,https://item.taobao.com/item.htm?id=800323937234,199423,Songmont,维权成功,司琬名品,司琬名品,https://store.taobao.com/shop/view_shop.htm?appUid=RAzN8HWV8ybX5V5PgVNwEKgcb7FAEnMUfN1qJz8XammKP6Mhgcp,2024/6/28 22:39,1,,未知
山下有松（北京）文化传播有限公司,32559804,Songmont山下有松日系潮流宽肩带菱格手提单肩腋下包云朵包休闲大,https://item.taobao.com/item.htm?id=800330585654,199423,Songmont,维权成功,司琬名品,司琬名品,https://store.taobao.com/shop/view_shop.htm?appUid=RAzN8HWV8ybX5V5PgVNwEKgcb7FAEnMUfN1qJz8XammKP6Mhgcp,2024/6/28 22:39,1,,未知
山下有松（北京）文化传播有限公司,32559709,Songmont山下有松今年流行双肩带托特包女大容量斜挎慵懒风尼龙帆,https://item.taobao.com/item.htm?id=800334369458,199423,Songmont,维权成功,司琬名品,司琬名品,https://store.taobao.com/shop/view_shop.htm?appUid=RAzN8HWV8ybX5V5PgVNwEKgcb7FAEnMUfN1qJz8XammKP6Mhgcp,2024/6/28 22:39,1,,未知
山下有松（北京）文化传播有限公司,32559727,Songmont山下有松简约风软皮托特包女大容量包包通勤大包质感百搭,https://item.taobao.com/item.htm?id=800336681481,199423,Songmont,维权成功,司琬名品,司琬名品,https://store.taobao.com/shop/view_shop.htm?appUid=RAzN8HWV8ybX5V5PgVNwEKgcb7FAEnMUfN1qJz8XammKP6Mhgcp,2024/6/28 22:39,1,,未知
山下有松（北京）文化传播有限公司,32559791,Songmont山下有松包包2024新款潮腋下包纹理感水桶包女大容量慵懒,https://item.taobao.com/item.htm?id=800337769506,199423,Songmont,维权成功,司琬名品,司琬名品,https://store.taobao.com/shop/view_shop.htm?appUid=RAzN8HWV8ybX5V5PgVNwEKgcb7FAEnMUfN1qJz8XammKP6Mhgcp,2024/6/28 22:39,1,,未知
山下有松（北京）文化传播有限公司,32559819,Songmont山下有松韩国新款设计感单肩包包女ins小众大容量波士顿,https://item.taobao.com/item.htm?id=800340481496,199423,Songmont,维权成功,司琬名品,司琬名品,https://store.taobao.com/shop/view_shop.htm?appUid=RAzN8HWV8ybX5V5PgVNwEKgcb7FAEnMUfN1qJz8XammKP6Mhgcp,2024/6/28 22:39,1,,未知
山下有松（北京）文化传播有限公司,32559750,Songmont山下有松新款链条小众法式链条包女包洋气单肩斜挎包爆款,https://item.taobao.com/item.htm?id=800362848349,199423,Songmont,维权成功,司琬名品,司琬名品,https://store.taobao.com/shop/view_shop.htm?appUid=RAzN8HWV8ybX5V5PgVNwEKgcb7FAEnMUfN1qJz8XammKP6Mhgcp,2024/6/28 22:39,1,,未知
山下有松（北京）文化传播有限公司,32559781,Songmont山下有松时尚潮流吐司包斜挎包女2024新款夏休闲运动小包,https://item.taobao.com/item.htm?id=800371040636,199423,Songmont,维权成功,司琬名品,司琬名品,https://store.taobao.com/shop/view_shop.htm?appUid=RAzN8HWV8ybX5V5PgVNwEKgcb7FAEnMUfN1qJz8XammKP6Mhgcp,2024/6/28 22:39,1,,未知
山下有松（北京）文化传播有限公司,32559712,Songmont山下有松高级感菱格链条托特包包女2024新款潮时尚单肩腋,https://item.taobao.com/item.htm?id=800380676426,199423,Songmont,维权成功,司琬名品,司琬名品,https://store.taobao.com/shop/view_shop.htm?appUid=RAzN8HWV8ybX5V5PgVNwEKgcb7FAEnMUfN1qJz8XammKP6Mhgcp,2024/6/28 22:39,1,,未知
山下有松（北京）文化传播有限公司,32559730,Songmont山下有松小众设计大容量单肩包2024新款时尚软皮通勤托特,https://item.taobao.com/item.htm?id=800381008106,199423,Songmont,维权成功,司琬名品,司琬名品,https://store.taobao.com/shop/view_shop.htm?appUid=RAzN8HWV8ybX5V5PgVNwEKgcb7FAEnMUfN1qJz8XammKP6Mhgcp,2024/6/28 22:39,1,,未知
山下有松（北京）文化传播有限公司,32559760,Songmont山下有松2024新款草编包夏季手提小水桶包斜挎小包包女编,https://item.taobao.com/item.htm?id=800384356601,199423,Songmont,维权成功,司琬名品,司琬名品,https://store.taobao.com/shop/view_shop.htm?appUid=RAzN8HWV8ybX5V5PgVNwEKgcb7FAEnMUfN1qJz8XammKP6Mhgcp,2024/6/28 22:39,1,,未知
山下有松（北京）文化传播有限公司,32572980,山下2024新款有松包包女夏季中号菜篮子真皮大容量手提斜跨水桶包,https://item.taobao.com/item.htm?id=797019976693,199423,Songmont,维权成功,时尚潮流简约包铺,时尚潮流简约包铺,https://store.taobao.com/shop/view_shop.htm?appUid=RAzN8HWTPSWw5cMhGeoUmzXGn9yFbcYtjojZHfkAfFzSsKL1tkA,2024/6/30 9:48,0,,未知
山下有松（北京）文化传播有限公司,32573025,山下hobo有松挂耳系列mini屋檐包夏季头层牛皮女包通勤手提斜挎包,https://item.taobao.com/item.htm?id=798563697669,199423,Songmont,维权成功,时尚潮流简约包铺,时尚潮流简约包铺,https://store.taobao.com/shop/view_shop.htm?appUid=RAzN8HWTPSWw5cMhGeoUmzXGn9yFbcYtjojZHfkAfFzSsKL1tkA,2024/6/30 9:48,0,,未知
山下有松（北京）文化传播有限公司,32573011,山下2024新款潮有松游历系列公文包牛仔双肩商务通勤包卢昱晓女包,https://item.taobao.com/item.htm?id=802960074570,199423,Songmont,维权成功,时尚潮流简约包铺,时尚潮流简约包铺,https://store.taobao.com/shop/view_shop.htm?appUid=RAzN8HWTPSWw5cMhGeoUmzXGn9yFbcYtjojZHfkAfFzSsKL1tkA,2024/6/30 9:48,0,,未知
山下有松（北京）文化传播有限公司,32573004,山下2024新款有松挂耳托特包设计师丹宁牛仔拼皮通勤单肩斜挎包女,https://item.taobao.com/item.htm?id=804134073187,199423,Songmont,维权成功,时尚潮流简约包铺,时尚潮流简约包铺,https://store.taobao.com/shop/view_shop.htm?appUid=RAzN8HWTPSWw5cMhGeoUmzXGn9yFbcYtjojZHfkAfFzSsKL1tkA,2024/6/30 9:48,0,,未知
山下有松（北京）文化传播有限公司,32559763,Songmont山下有松真皮女包2024新款手提包高级感铂金包送妈妈包百,https://item.taobao.com/item.htm?id=808096843161,199423,Songmont,维权成功,山下专柜正品,山下专柜正品,https://store.taobao.com/shop/view_shop.htm?appUid=RAzN8HWMjh9vijfGNiJ5ob1Go5rnWkuJKBcBhUdud28wHgLNTxf,2024/6/28 22:39,0,,未知
山下有松（北京）文化传播有限公司,32559697,Songmont山下有松高级感大包包女夏季2024新款时尚单肩包通勤托特,https://item.taobao.com/item.htm?id=808096995725,199423,Songmont,维权成功,山下专柜正品,山下专柜正品,https://store.taobao.com/shop/view_shop.htm?appUid=RAzN8HWMjh9vijfGNiJ5ob1Go5rnWkuJKBcBhUdud28wHgLNTxf,2024/6/28 22:39,0,,未知
山下有松（北京）文化传播有限公司,32559692,Songmont山下有松新款togo头层牛皮女包质感斜挎小包真皮单肩斜挎,https://item.taobao.com/item.htm?id=808097043559,199423,Songmont,维权成功,山下专柜正品,山下专柜正品,https://store.taobao.com/shop/view_shop.htm?appUid=RAzN8HWMjh9vijfGNiJ5ob1Go5rnWkuJKBcBhUdud28wHgLNTxf,2024/6/28 22:39,0,,未知
山下有松（北京）文化传播有限公司,32559740,Songmont山下有松新款挂耳系列屋檐包小号通勤小方包女手提斜挎ho,https://item.taobao.com/item.htm?id=808097571223,199423,Songmont,维权成功,山下专柜正品,山下专柜正品,https://store.taobao.com/shop/view_shop.htm?appUid=RAzN8HWMjh9vijfGNiJ5ob1Go5rnWkuJKBcBhUdud28wHgLNTxf,2024/6/28 22:39,0,,未知
山下有松（北京）文化传播有限公司,32559716,Songmont山下有松真皮女包2024新款软皮休闲包饺子包小众设计感百,https://item.taobao.com/item.htm?id=808097767798,199423,Songmont,维权成功,山下专柜正品,山下专柜正品,https://store.taobao.com/shop/view_shop.htm?appUid=RAzN8HWMjh9vijfGNiJ5ob1Go5rnWkuJKBcBhUdud28wHgLNTxf,2024/6/28 22:39,0,,未知
山下有松（北京）文化传播有限公司,32559732,Songmont山下有松简约大容量包包女2024新款时尚百搭休闲单肩包学,https://item.taobao.com/item.htm?id=808111543662,199423,Songmont,维权成功,山下专柜正品,山下专柜正品,https://store.taobao.com/shop/view_shop.htm?appUid=RAzN8HWMjh9vijfGNiJ5ob1Go5rnWkuJKBcBhUdud28wHgLNTxf,2024/6/28 22:39,0,,未知
山下有松（北京）文化传播有限公司,32559796,Songmont山下有松真皮女包2024新款包包水桶包大容量母亲节送妈妈,https://item.taobao.com/item.htm?id=808206614516,199423,Songmont,维权成功,山下专柜正品,山下专柜正品,https://store.taobao.com/shop/view_shop.htm?appUid=RAzN8HWMjh9vijfGNiJ5ob1Go5rnWkuJKBcBhUdud28wHgLNTxf,2024/6/28 22:39,0,,未知
山下有松（北京）文化传播有限公司,32559815,Songmont山下有松早八通勤托特包秋冬小个子慵懒风美拉德包包挂耳,https://item.taobao.com/item.htm?id=808207154281,199423,Songmont,维权成功,山下专柜正品,山下专柜正品,https://store.taobao.com/shop/view_shop.htm?appUid=RAzN8HWMjh9vijfGNiJ5ob1Go5rnWkuJKBcBhUdud28wHgLNTxf,2024/6/28 22:39,0,,未知
山下有松（北京）文化传播有限公司,32559784,Songmont山下有松头层牛皮迷你小手提包百搭单肩斜挎女包togo软真,https://item.taobao.com/item.htm?id=808207330970,199423,Songmont,维权成功,山下专柜正品,山下专柜正品,https://store.taobao.com/shop/view_shop.htm?appUid=RAzN8HWMjh9vijfGNiJ5ob1Go5rnWkuJKBcBhUdud28wHgLNTxf,2024/6/28 22:39,0,,未知
山下有松（北京）文化传播有限公司,32559758,Songmont山下有松手机包包女生可爱ins风甜美奶油色小清新迷你斜,https://item.taobao.com/item.htm?id=808207714114,199423,Songmont,维权成功,山下专柜正品,山下专柜正品,https://store.taobao.com/shop/view_shop.htm?appUid=RAzN8HWMjh9vijfGNiJ5ob1Go5rnWkuJKBcBhUdud28wHgLNTxf,2024/6/28 22:39,0,,未知
山下有松（北京）文化传播有限公司,32559722,Songmont山下有松真皮包包女2024新款通勤女包高级质感斜挎包大容,https://item.taobao.com/item.htm?id=808207794721,199423,Songmont,维权成功,山下专柜正品,山下专柜正品,https://store.taobao.com/shop/view_shop.htm?appUid=RAzN8HWMjh9vijfGNiJ5ob1Go5rnWkuJKBcBhUdud28wHgLNTxf,2024/6/28 22:39,0,,未知
山下有松（北京）文化传播有限公司,32559738,Songmont山下有松慵懒风包包秋冬款挂耳通勤包大容量托特包复古仿,https://item.taobao.com/item.htm?id=808208014351,199423,Songmont,维权成功,山下专柜正品,山下专柜正品,https://store.taobao.com/shop/view_shop.htm?appUid=RAzN8HWMjh9vijfGNiJ5ob1Go5rnWkuJKBcBhUdud28wHgLNTxf,2024/6/28 22:39,0,,未知
山下有松（北京）文化传播有限公司,32559702,Songmont山下有松挂耳系列屋檐包女秋冬新款百搭牛皮通勤单肩手提,https://item.taobao.com/item.htm?id=808208618680,199423,Songmont,维权成功,山下专柜正品,山下专柜正品,https://store.taobao.com/shop/view_shop.htm?appUid=RAzN8HWMjh9vijfGNiJ5ob1Go5rnWkuJKBcBhUdud28wHgLNTxf,2024/6/28 22:39,0,,未知
山下有松（北京）文化传播有限公司,32559706,Songmont山下有松头层牛皮中号菜篮子水桶包女大容量通勤软真皮手,https://item.taobao.com/item.htm?id=808209186189,199423,Songmont,维权成功,山下专柜正品,山下专柜正品,https://store.taobao.com/shop/view_shop.htm?appUid=RAzN8HWMjh9vijfGNiJ5ob1Go5rnWkuJKBcBhUdud28wHgLNTxf,2024/6/28 22:39,0,,未知
山下有松（北京）文化传播有限公司,32559748,Songmont山下有松真皮女包法式迷你托特包togo头层牛皮时尚手提包,https://item.taobao.com/item.htm?id=808209310252,199423,Songmont,维权成功,山下专柜正品,山下专柜正品,https://store.taobao.com/shop/view_shop.htm?appUid=RAzN8HWMjh9vijfGNiJ5ob1Go5rnWkuJKBcBhUdud28wHgLNTxf,2024/6/28 22:39,0,,未知
山下有松（北京）文化传播有限公司,32559699,Songmont山下有松休闲包包女2024新款夏季爆款斜挎饺子包百搭小众,https://item.taobao.com/item.htm?id=808222074621,199423,Songmont,维权成功,山下专柜正品,山下专柜正品,https://store.taobao.com/shop/view_shop.htm?appUid=RAzN8HWMjh9vijfGNiJ5ob1Go5rnWkuJKBcBhUdud28wHgLNTxf,2024/6/28 22:39,0,,未知
山下有松（北京）文化传播有限公司,32559816,Songmont山下有松真皮包包2024新款通勤女包母亲节送妈妈包高级感,https://item.taobao.com/item.htm?id=808365497741,199423,Songmont,维权成功,山下专柜正品,山下专柜正品,https://store.taobao.com/shop/view_shop.htm?appUid=RAzN8HWMjh9vijfGNiJ5ob1Go5rnWkuJKBcBhUdud28wHgLNTxf,2024/6/28 22:39,0,,未知
山下有松（北京）文化传播有限公司,32559665,Songmont山下有松法式小众包包女2024新款手提包高级感真皮休闲复,https://item.taobao.com/item.htm?id=808366181940,199423,Songmont,维权成功,山下专柜正品,山下专柜正品,https://store.taobao.com/shop/view_shop.htm?appUid=RAzN8HWMjh9vijfGNiJ5ob1Go5rnWkuJKBcBhUdud28wHgLNTxf,2024/6/28 22:39,0,,未知
山下有松（北京）文化传播有限公司,32559820,Songmont山下有松水桶包2024新款单肩韩系高级感百搭牛皮大容量托,https://item.taobao.com/item.htm?id=808366733754,199423,Songmont,维权成功,山下专柜正品,山下专柜正品,https://store.taobao.com/shop/view_shop.htm?appUid=RAzN8HWMjh9vijfGNiJ5ob1Go5rnWkuJKBcBhUdud28wHgLNTxf,2024/6/28 22:39,0,,未知
山下有松（北京）文化传播有限公司,32559752,Songmont山下有松真皮手拎水桶包包女2024新款春夏小众设计高级质,https://item.taobao.com/item.htm?id=808366769155,199423,Songmont,维权成功,山下专柜正品,山下专柜正品,https://store.taobao.com/shop/view_shop.htm?appUid=RAzN8HWMjh9vijfGNiJ5ob1Go5rnWkuJKBcBhUdud28wHgLNTxf,2024/6/28 22:39,0,,未知
山下有松（北京）文化传播有限公司,32559774,Songmont山下有松今年流行包包女链条包夏季小方包2024新款女包斜,https://item.taobao.com/item.htm?id=808367055872,199423,Songmont,维权成功,山下专柜正品,山下专柜正品,https://store.taobao.com/shop/view_shop.htm?appUid=RAzN8HWMjh9vijfGNiJ5ob1Go5rnWkuJKBcBhUdud28wHgLNTxf,2024/6/28 22:39,0,,未知
山下有松（北京）文化传播有限公司,32559659,Songmont山下有松大号麂皮挂耳托特包设计师款慵懒通勤单肩斜挎包,https://item.taobao.com/item.htm?id=808367297805,199423,Songmont,维权成功,山下专柜正品,山下专柜正品,https://store.taobao.com/shop/view_shop.htm?appUid=RAzN8HWMjh9vijfGNiJ5ob1Go5rnWkuJKBcBhUdud28wHgLNTxf,2024/6/28 22:39,0,,未知
山下有松（北京）文化传播有限公司,32559720,Songmont山下有松松半日闲国风老花系列山谷托特包大容量通勤单肩,https://item.taobao.com/item.htm?id=808367337529,199423,Songmont,维权成功,山下专柜正品,山下专柜正品,https://store.taobao.com/shop/view_shop.htm?appUid=RAzN8HWMjh9vijfGNiJ5ob1Go5rnWkuJKBcBhUdud28wHgLNTxf,2024/6/28 22:39,0,,未知
山下有松（北京）文化传播有限公司,32559717,Songmont山下有松2024新款高级高小众设计真皮女包单肩斜挎包通勤,https://item.taobao.com/item.htm?id=808367361298,199423,Songmont,维权成功,山下专柜正品,山下专柜正品,https://store.taobao.com/shop/view_shop.htm?appUid=RAzN8HWMjh9vijfGNiJ5ob1Go5rnWkuJKBcBhUdud28wHgLNTxf,2024/6/28 22:39,0,,未知
山下有松（北京）文化传播有限公司,32559786,Songmont山下有松真皮包包女2024新款潮软皮大容量水桶包时尚单肩,https://item.taobao.com/item.htm?id=808367581431,199423,Songmont,维权成功,山下专柜正品,山下专柜正品,https://store.taobao.com/shop/view_shop.htm?appUid=RAzN8HWMjh9vijfGNiJ5ob1Go5rnWkuJKBcBhUdud28wHgLNTxf,2024/6/28 22:39,0,,未知
山下有松（北京）文化传播有限公司,32559766,Songmont山下有松挂耳系列屋檐包女夏季新款百搭牛皮通勤单肩小方,https://item.taobao.com/item.htm?id=808368229308,199423,Songmont,维权成功,山下专柜正品,山下专柜正品,https://store.taobao.com/shop/view_shop.htm?appUid=RAzN8HWMjh9vijfGNiJ5ob1Go5rnWkuJKBcBhUdud28wHgLNTxf,2024/6/28 22:39,0,,未知
山下有松（北京）文化传播有限公司,32559657,Songmont山下有松hobo屋檐包包2024红色新年礼物挂耳mini小废包坐,https://item.taobao.com/item.htm?id=808368293028,199423,Songmont,维权成功,山下专柜正品,山下专柜正品,https://store.taobao.com/shop/view_shop.htm?appUid=RAzN8HWMjh9vijfGNiJ5ob1Go5rnWkuJKBcBhUdud28wHgLNTxf,2024/6/28 22:39,0,,未知
山下有松（北京）文化传播有限公司,32559823,Songmont山下有松真皮质感女包手机包2024新款女士单肩斜挎包时尚,https://item.taobao.com/item.htm?id=808380841059,199423,Songmont,维权成功,山下专柜正品,山下专柜正品,https://store.taobao.com/shop/view_shop.htm?appUid=RAzN8HWMjh9vijfGNiJ5ob1Go5rnWkuJKBcBhUdud28wHgLNTxf,2024/6/28 22:39,0,,未知
山下有松（北京）文化传播有限公司,32559725,Songmont山下有松头层牛皮大容量通勤水桶包时尚休闲托特单肩斜挎,https://item.taobao.com/item.htm?id=808444256388,199423,Songmont,维权成功,山下专柜正品,山下专柜正品,https://store.taobao.com/shop/view_shop.htm?appUid=RAzN8HWMjh9vijfGNiJ5ob1Go5rnWkuJKBcBhUdud28wHgLNTxf,2024/6/28 22:39,0,,未知
山下有松（北京）文化传播有限公司,32559773,Songmont山下有松托特包大容量真皮包包女通勤包高级感法棍包手提,https://item.taobao.com/item.htm?id=808444404932,199423,Songmont,维权成功,山下专柜正品,山下专柜正品,https://store.taobao.com/shop/view_shop.htm?appUid=RAzN8HWMjh9vijfGNiJ5ob1Go5rnWkuJKBcBhUdud28wHgLNTxf,2024/6/28 22:39,0,,未知
山下有松（北京）文化传播有限公司,32559746,Songmont山下有松真皮女包水桶包2024新款春季子母包丝巾装饰高级,https://item.taobao.com/item.htm?id=808444568162,199423,Songmont,维权成功,山下专柜正品,山下专柜正品,https://store.taobao.com/shop/view_shop.htm?appUid=RAzN8HWMjh9vijfGNiJ5ob1Go5rnWkuJKBcBhUdud28wHgLNTxf,2024/6/28 22:39,0,,未知
山下有松（北京）文化传播有限公司,32559745,Songmont山下有松斜挎包女士包包2024新款潮高级感时尚夏季迷你精,https://item.taobao.com/item.htm?id=808445112512,199423,Songmont,维权成功,山下专柜正品,山下专柜正品,https://store.taobao.com/shop/view_shop.htm?appUid=RAzN8HWMjh9vijfGNiJ5ob1Go5rnWkuJKBcBhUdud28wHgLNTxf,2024/6/28 22:39,0,,未知
山下有松（北京）文化传播有限公司,32559767,Songmont山下有松真皮小包质感软牛皮迷你号小方包2024新款时尚单,https://item.taobao.com/item.htm?id=808445604512,199423,Songmont,维权成功,山下专柜正品,山下专柜正品,https://store.taobao.com/shop/view_shop.htm?appUid=RAzN8HWMjh9vijfGNiJ5ob1Go5rnWkuJKBcBhUdud28wHgLNTxf,2024/6/28 22:39,0,,未知
山下有松（北京）文化传播有限公司,32573017,Songmont山下有松真皮女包2024新款秋冬百搭小方包软皮休闲斜挎包,https://item.taobao.com/item.htm?id=808096243661,199423,Songmont,维权成功,山下专柜正品,山下专柜正品,https://store.taobao.com/shop/view_shop.htm?appUid=RAzN8HWMjh9vijfGNiJ5ob1Go5rnWkuJKBcBhUdud28wHgLNTxf,2024/6/30 9:48,0,,未知
山下有松（北京）文化传播有限公司,32573020,Songmont山下有松真皮大容量女包羊皮软皮大包包女2024新款妈妈款,https://item.taobao.com/item.htm?id=808096263253,199423,Songmont,维权成功,山下专柜正品,山下专柜正品,https://store.taobao.com/shop/view_shop.htm?appUid=RAzN8HWMjh9vijfGNiJ5ob1Go5rnWkuJKBcBhUdud28wHgLNTxf,2024/6/30 9:48,0,,未知
山下有松（北京）文化传播有限公司,32573006,Songmont山下有松时尚牛皮包女2024新款潮大容量水桶包百搭通勤真,https://item.taobao.com/item.htm?id=808096263714,199423,Songmont,维权成功,山下专柜正品,山下专柜正品,https://store.taobao.com/shop/view_shop.htm?appUid=RAzN8HWMjh9vijfGNiJ5ob1Go5rnWkuJKBcBhUdud28wHgLNTxf,2024/6/30 9:48,0,,未知
山下有松（北京）文化传播有限公司,32572993,Songmont山下有松大容量包包女式2024新款潮休闲单肩包夏天超火上,https://item.taobao.com/item.htm?id=808111807315,199423,Songmont,维权成功,山下专柜正品,山下专柜正品,https://store.taobao.com/shop/view_shop.htm?appUid=RAzN8HWMjh9vijfGNiJ5ob1Go5rnWkuJKBcBhUdud28wHgLNTxf,2024/6/30 9:48,0,,未知
山下有松（北京）文化传播有限公司,32573000,Songmont山下有松法式云朵包今年流行狮岭包包女2024新款休闲软牛,https://item.taobao.com/item.htm?id=808367177287,199423,Songmont,维权成功,山下专柜正品,山下专柜正品,https://store.taobao.com/shop/view_shop.htm?appUid=RAzN8HWMjh9vijfGNiJ5ob1Go5rnWkuJKBcBhUdud28wHgLNTxf,2024/6/30 9:48,0,,未知
山下有松（北京）文化传播有限公司,32572978,Songmont山下有松手提包包女2024新款小众高级感水桶包通勤真皮上,https://item.taobao.com/item.htm?id=808443460515,199423,Songmont,维权成功,山下专柜正品,山下专柜正品,https://store.taobao.com/shop/view_shop.htm?appUid=RAzN8HWMjh9vijfGNiJ5ob1Go5rnWkuJKBcBhUdud28wHgLNTxf,2024/6/30 9:48,0,,未知
山下有松（北京）文化传播有限公司,32572987,Songmont山下有松夏天轻便小包真皮白色包包女新款2024潮高级感,https://item.taobao.com/item.htm?id=808814799214,199423,Songmont,维权成功,山下有崧品牌折扣,山下有崧品牌折扣,https://store.taobao.com/shop/view_shop.htm?appUid=RAzN8HWL8D3edMKBSMz3V8rXnoUvRqbaSeiLodFbviJzPjqhiQW,2024/6/30 9:48,1,2024/5/17 13:21,老店
山下有松（北京）文化传播有限公司,32572986,Songmont山下有松2024新款包包女夏天质感软皮小众设计感高级感,https://item.taobao.com/item.htm?id=808816495319,199423,Songmont,维权成功,山下有崧品牌折扣,山下有崧品牌折扣,https://store.taobao.com/shop/view_shop.htm?appUid=RAzN8HWL8D3edMKBSMz3V8rXnoUvRqbaSeiLodFbviJzPjqhiQW,2024/6/30 9:48,1,2024/5/17 13:21,老店
山下有松（北京）文化传播有限公司,32572998,Songmont山下有松小香风菱格链条包包秋冬女2024新款潮托特包百搭,https://item.taobao.com/item.htm?id=808817271528,199423,Songmont,维权成功,山下有崧品牌折扣,山下有崧品牌折扣,https://store.taobao.com/shop/view_shop.htm?appUid=RAzN8HWL8D3edMKBSMz3V8rXnoUvRqbaSeiLodFbviJzPjqhiQW,2024/6/30 9:48,1,2024/5/17 13:21,老店
山下有松（北京）文化传播有限公司,32572977,Songmont山下有松高级感时尚女包包2024潮休闲百搭单肩包轻奢软皮,https://item.taobao.com/item.htm?id=808926118769,199423,Songmont,维权成功,山下有崧品牌折扣,山下有崧品牌折扣,https://store.taobao.com/shop/view_shop.htm?appUid=RAzN8HWL8D3edMKBSMz3V8rXnoUvRqbaSeiLodFbviJzPjqhiQW,2024/6/30 9:48,1,2024/5/17 13:21,老店
山下有松（北京）文化传播有限公司,32572951,Songmont山下有松托特包包女式2024新款夏天高级感今年流行大容量,https://item.taobao.com/item.htm?id=808928098777,199423,Songmont,维权成功,山下有崧品牌折扣,山下有崧品牌折扣,https://store.taobao.com/shop/view_shop.htm?appUid=RAzN8HWL8D3edMKBSMz3V8rXnoUvRqbaSeiLodFbviJzPjqhiQW,2024/6/30 9:48,1,2024/5/17 13:21,老店
山下有松（北京）文化传播有限公司,32573007,Songmont山下有松真皮腋下包女夏斜挎小众设计法棍包包新款月牙in,https://item.taobao.com/item.htm?id=809086665491,199423,Songmont,维权成功,山下有崧品牌折扣,山下有崧品牌折扣,https://store.taobao.com/shop/view_shop.htm?appUid=RAzN8HWL8D3edMKBSMz3V8rXnoUvRqbaSeiLodFbviJzPjqhiQW,2024/6/30 9:48,1,2024/5/17 13:21,老店
山下有松（北京）文化传播有限公司,32573039,Songmont山下有松婚包女大容量新娘包包2024新款圆环手提包高级感,https://item.taobao.com/item.htm?id=809088529384,199423,Songmont,维权成功,山下有崧品牌折扣,山下有崧品牌折扣,https://store.taobao.com/shop/view_shop.htm?appUid=RAzN8HWL8D3edMKBSMz3V8rXnoUvRqbaSeiLodFbviJzPjqhiQW,2024/6/30 9:48,1,2024/5/17 13:21,老店
山下有松（北京）文化传播有限公司,32572997,Songmont山下有松韩版爆款腋下单肩大容量包包女2024新款春夏上班,https://item.taobao.com/item.htm?id=809090633670,199423,Songmont,维权成功,山下有崧品牌折扣,山下有崧品牌折扣,https://store.taobao.com/shop/view_shop.htm?appUid=RAzN8HWL8D3edMKBSMz3V8rXnoUvRqbaSeiLodFbviJzPjqhiQW,2024/6/30 9:48,1,2024/5/17 13:21,老店
山下有松（北京）文化传播有限公司,32572989,Songmont山下有松今年流行包包女士2024新款复古大容量托特包高级,https://item.taobao.com/item.htm?id=809164348771,199423,Songmont,维权成功,山下有崧品牌折扣,山下有崧品牌折扣,https://store.taobao.com/shop/view_shop.htm?appUid=RAzN8HWL8D3edMKBSMz3V8rXnoUvRqbaSeiLodFbviJzPjqhiQW,2024/6/30 9:48,1,2024/5/17 13:21,老店
山下有松（北京）文化传播有限公司,32573005,Songmont山下有松美拉德复古时尚大容量包包女2024新款百搭斜挎包,https://item.taobao.com/item.htm?id=809164680978,199423,Songmont,维权成功,山下有崧品牌折扣,山下有崧品牌折扣,https://store.taobao.com/shop/view_shop.htm?appUid=RAzN8HWL8D3edMKBSMz3V8rXnoUvRqbaSeiLodFbviJzPjqhiQW,2024/6/30 9:48,1,2024/5/17 13:21,老店
山下有松（北京）文化传播有限公司,32572988,Songmont山下有松高级感小众鳄鱼纹白色链条腋下包包女式2024新款,https://item.taobao.com/item.htm?id=809165448714,199423,Songmont,维权成功,山下有崧品牌折扣,山下有崧品牌折扣,https://store.taobao.com/shop/view_shop.htm?appUid=RAzN8HWL8D3edMKBSMz3V8rXnoUvRqbaSeiLodFbviJzPjqhiQW,2024/6/30 9:48,1,2024/5/17 13:21,老店
山下有松（北京）文化传播有限公司,32573002,Songmont山下有松大容量包包女2024春夏新款简约软皮单肩腋下包,https://item.taobao.com/item.htm?id=809168348104,199423,Songmont,维权成功,山下有崧品牌折扣,山下有崧品牌折扣,https://store.taobao.com/shop/view_shop.htm?appUid=RAzN8HWL8D3edMKBSMz3V8rXnoUvRqbaSeiLodFbviJzPjqhiQW,2024/6/30 9:48,1,2024/5/17 13:21,老店
山下有松（北京）文化传播有限公司,32573023,山下有松新中式包包女式2024新款时尚百搭休闲单肩包大容量超火通,https://item.taobao.com/item.htm?id=799627643675,199423,Songmont,维权成功,山下有松奥莱店,山下有松奥莱店,https://store.taobao.com/shop/view_shop.htm?appUid=RAzN8HWMcJaTebwM9fx8zs2WNsaSQLvjFuehdYGD8UBKsM9BPTM,2024/6/30 9:48,1,2024/3/15 16:16,老店
山下有松（北京）文化传播有限公司,32573041,山下有松原创夏天软皮包包女大容量三用背包通勤托特包多功能背包,https://item.taobao.com/item.htm?id=799705290586,199423,Songmont,维权成功,山下有松奥莱店,山下有松奥莱店,https://store.taobao.com/shop/view_shop.htm?appUid=RAzN8HWMcJaTebwM9fx8zs2WNsaSQLvjFuehdYGD8UBKsM9BPTM,2024/6/30 9:48,1,2024/3/15 16:16,老店
山下有松（北京）文化传播有限公司,32559775,山下有松超火小包包女ins小众2024新款时尚菱格链条斜挎包夏季迷,https://item.taobao.com/item.htm?id=799620351410,199423,Songmont,维权成功,山下有松 奥莱店,山下有松 奥莱店,https://store.taobao.com/shop/view_shop.htm?appUid=RAzN8HWYnQ2EPfD2zEFyuUk2sGo2ZpaXTCmfET3sqYb3YTx2t15,2024/6/28 22:39,0,,未知
山下有松（北京）文化传播有限公司,32559705,山下有松2024春季新款 ins日韩清新撞色双面可用托特包百,https://item.taobao.com/item.htm?id=799621551256,199423,Songmont,维权成功,山下有松 奥莱店,山下有松 奥莱店,https://store.taobao.com/shop/view_shop.htm?appUid=RAzN8HWYnQ2EPfD2zEFyuUk2sGo2ZpaXTCmfET3sqYb3YTx2t15,2024/6/28 22:39,0,,未知
山下有松（北京）文化传播有限公司,32559812,山下有松2024春季新款 ins法式清新温柔撞色奶糖珍珠抽绳,https://item.taobao.com/item.htm?id=799829613155,199423,Songmont,维权成功,山下有松 奥莱店,山下有松 奥莱店,https://store.taobao.com/shop/view_shop.htm?appUid=RAzN8HWYnQ2EPfD2zEFyuUk2sGo2ZpaXTCmfET3sqYb3YTx2t15,2024/6/28 22:39,0,,未知
山下有松（北京）文化传播有限公司,32572930,山下有松挂耳系列屋檐包头层牛皮通勤小众时尚搭配手提斜挎hobo包,https://item.taobao.com/item.htm?id=803928260995,199423,Songmont,维权成功,山下有棵小松树,山下有棵小松树,https://store.taobao.com/shop/view_shop.htm?appUid=RAzN8HWK7mKRY2np5rVVskmnvNxDUM5eVeRKSQynGajufHbSQH2,2024/6/30 9:48,0,,未知
山下有松（北京）文化传播有限公司,32573045,山下有松【原厂直供】巧克力包系列设计师新款牛皮斜挎链条软手机,https://item.taobao.com/item.htm?id=799284907577,199423,Songmont,维权成功,山下女包折扣店,山下女包折扣店,https://store.taobao.com/shop/view_shop.htm?appUid=RAzN8HWTFes9ohaXnYJeGPbC6YvEAkximbPWTUZkbJohmgSFWNa,2024/6/30 9:48,0,,未知
山下有松（北京）文化传播有限公司,32559694,夏季新款坐忘系列软船包设计师通勤单肩斜挎牛角包songmont同款,https://item.taobao.com/item.htm?id=808866864452,199423,Songmont,维权成功,品牌箱包皮具专柜,品牌箱包皮具专柜,https://store.taobao.com/shop/view_shop.htm?appUid=RAzN8HWRYKMzRckSxmRu1K3D4SU4A8BzBU3cdSoHdLKxdt7XsFs,2024/6/28 22:39,0,,未知
山下有松（北京）文化传播有限公司,32572922,【蒋方舟同款】Songmon山下有没松帆布挂耳托特系列度假风单肩包,https://item.taobao.com/item.htm?id=797927371411,199423,Songmont,维权成功,品牌箱包皮具专柜,品牌箱包皮具专柜,https://store.taobao.com/shop/view_shop.htm?appUid=RAzN8HWRYKMzRckSxmRu1K3D4SU4A8BzBU3cdSoHdLKxdt7XsFs,2024/6/30 9:48,0,,未知
山下有松（北京）文化传播有限公司,32572956,山下有牛皮松hobo腋下包包女托特包单肩斜挎包songmon李娜同款,https://item.taobao.com/item.htm?id=807894802251,199423,Songmont,维权成功,品牌箱包皮具专柜,品牌箱包皮具专柜,https://store.taobao.com/shop/view_shop.htm?appUid=RAzN8HWRYKMzRckSxmRu1K3D4SU4A8BzBU3cdSoHdLKxdt7XsFs,2024/6/30 9:48,0,,未知
山下有松（北京）文化传播有限公司,32559678,Songmont山下有松中号豆腐包重置系列设计师款斜挎小方包杨紫同款,https://item.taobao.com/item.htm?id=808035093889,199423,Songmont,维权成功,品牌特惠包包折扣,品牌特惠包包折扣,https://store.taobao.com/shop/view_shop.htm?appUid=RAzN8HWLVSUgoTSRY3pxjfDRac2LNHhUNM3cjjXUc1fCHEAbKFP,2024/6/28 22:39,0,,未知
山下有松（北京）文化传播有限公司,32559821,山下有松包包2024新款二代mini凯莉包春夏高级感真皮女包单肩斜挎,https://item.taobao.com/item.htm?id=802554414663,199423,Songmont,维权成功,品牌女包折扣,品牌女包折扣,https://store.taobao.com/shop/view_shop.htm?appUid=RAzN8HWU3qFjHywjdUDKRxQk2EBd6vmZDJoM9nvtFps3WrnxLDA,2024/6/28 22:39,0,,未知
山下有松（北京）文化传播有限公司,32573026,山下有松高级感包包女2024夏季新款质感小众斜挎包超软百搭时尚手,https://item.taobao.com/item.htm?id=802461871008,199423,Songmont,维权成功,品牌女包折扣,品牌女包折扣,https://store.taobao.com/shop/view_shop.htm?appUid=RAzN8HWU3qFjHywjdUDKRxQk2EBd6vmZDJoM9nvtFps3WrnxLDA,2024/6/30 9:48,0,,未知
山下有松（北京）文化传播有限公司,32573031,山下有松高级感洋气小包包2024新款女包夏天流行百搭斜挎包爆款单,https://item.taobao.com/item.htm?id=802552430628,199423,Songmont,维权成功,品牌女包折扣,品牌女包折扣,https://store.taobao.com/shop/view_shop.htm?appUid=RAzN8HWU3qFjHywjdUDKRxQk2EBd6vmZDJoM9nvtFps3WrnxLDA,2024/6/30 9:48,0,,未知
山下有松（北京）文化传播有限公司,32573043,山下有松高级感包包2024新款女士斜挎包流行小垮包夏季单肩女包通,https://item.taobao.com/item.htm?id=802555930392,199423,Songmont,维权成功,品牌女包折扣,品牌女包折扣,https://store.taobao.com/shop/view_shop.htm?appUid=RAzN8HWU3qFjHywjdUDKRxQk2EBd6vmZDJoM9nvtFps3WrnxLDA,2024/6/30 9:48,0,,未知
山下有松（北京）文化传播有限公司,32573013,山下有松手提包包女2024新款夏季小众水桶包通勤百搭单肩斜挎包流,https://item.taobao.com/item.htm?id=802556218080,199423,Songmont,维权成功,品牌女包折扣,品牌女包折扣,https://store.taobao.com/shop/view_shop.htm?appUid=RAzN8HWU3qFjHywjdUDKRxQk2EBd6vmZDJoM9nvtFps3WrnxLDA,2024/6/30 9:48,0,,未知
山下有松（北京）文化传播有限公司,32573034,山下有松香港包包夏天牛皮水桶包2024新款高级感单肩斜挎百搭洋气,https://item.taobao.com/item.htm?id=802687865649,199423,Songmont,维权成功,品牌女包折扣,品牌女包折扣,https://store.taobao.com/shop/view_shop.htm?appUid=RAzN8HWU3qFjHywjdUDKRxQk2EBd6vmZDJoM9nvtFps3WrnxLDA,2024/6/30 9:48,0,,未知
山下有松（北京）文化传播有限公司,32573021,山下有松包包女马鞍包高级感中古包复古辣妹腋下包笑脸单肩斜挎包,https://item.taobao.com/item.htm?id=802689805112,199423,Songmont,维权成功,品牌女包折扣,品牌女包折扣,https://store.taobao.com/shop/view_shop.htm?appUid=RAzN8HWU3qFjHywjdUDKRxQk2EBd6vmZDJoM9nvtFps3WrnxLDA,2024/6/30 9:48,0,,未知
山下有松（北京）文化传播有限公司,32573028,山下有松包包女单肩包复古辣妹马鞍包小众机车斜挎包高级感腋下包,https://item.taobao.com/item.htm?id=802689921276,199423,Songmont,维权成功,品牌女包折扣,品牌女包折扣,https://store.taobao.com/shop/view_shop.htm?appUid=RAzN8HWU3qFjHywjdUDKRxQk2EBd6vmZDJoM9nvtFps3WrnxLDA,2024/6/30 9:48,0,,未知
山下有松（北京）文化传播有限公司,32573037,山下有松新款小众设计女包春夏大容量托特包通勤手提单肩大包正品,https://item.taobao.com/item.htm?id=802740860469,199423,Songmont,维权成功,品牌女包折扣,品牌女包折扣,https://store.taobao.com/shop/view_shop.htm?appUid=RAzN8HWU3qFjHywjdUDKRxQk2EBd6vmZDJoM9nvtFps3WrnxLDA,2024/6/30 9:48,0,,未知
山下有松（北京）文化传播有限公司,32573015,山下有松大容量旅行包包女2024新款短途出差手提包行李包收纳袋运,https://item.taobao.com/item.htm?id=802741024929,199423,Songmont,维权成功,品牌女包折扣,品牌女包折扣,https://store.taobao.com/shop/view_shop.htm?appUid=RAzN8HWU3qFjHywjdUDKRxQk2EBd6vmZDJoM9nvtFps3WrnxLDA,2024/6/30 9:48,0,,未知
山下有松（北京）文化传播有限公司,32572979,山下有松大容量通勤托特包高级感大包包女2024夏季新款大学生上课,https://item.taobao.com/item.htm?id=802742372892,199423,Songmont,维权成功,品牌女包折扣,品牌女包折扣,https://store.taobao.com/shop/view_shop.htm?appUid=RAzN8HWU3qFjHywjdUDKRxQk2EBd6vmZDJoM9nvtFps3WrnxLDA,2024/6/30 9:48,0,,未知
山下有松（北京）文化传播有限公司,32573016,山下有松今年流行小众女包盒子包2024新款小包包简约单肩斜挎石头,https://item.taobao.com/item.htm?id=802742380150,199423,Songmont,维权成功,品牌女包折扣,品牌女包折扣,https://store.taobao.com/shop/view_shop.htm?appUid=RAzN8HWU3qFjHywjdUDKRxQk2EBd6vmZDJoM9nvtFps3WrnxLDA,2024/6/30 9:48,0,,未知
山下有松（北京）文化传播有限公司,32573032,山下有松高级感手提小包包女潮斜挎包百搭ins爆款马鞍包单肩包?达,https://item.taobao.com/item.htm?id=802743024706,199423,Songmont,维权成功,品牌女包折扣,品牌女包折扣,https://store.taobao.com/shop/view_shop.htm?appUid=RAzN8HWU3qFjHywjdUDKRxQk2EBd6vmZDJoM9nvtFps3WrnxLDA,2024/6/30 9:48,0,,未知
山下有松（北京）文化传播有限公司,32559736,Songmont山下有松真皮挂耳托特包2024新款女大包14寸电脑包单肩斜,https://item.taobao.com/item.htm?id=802018203529,199423,Songmont,维权成功,品牌包包正品优选折扣店,品牌包包正品优选折扣店,https://store.taobao.com/shop/view_shop.htm?appUid=RAzN8HWX4GjVG1sc5AkSb3hfxCDktsULXUWEoVNAnRervH3WbXW,2024/6/28 22:39,0,,未知
山下有松（北京）文化传播有限公司,32559806,Songmont山下有松手提包包女2024新款小众高级感水桶包通勤真皮上,https://item.taobao.com/item.htm?id=802018547632,199423,Songmont,维权成功,品牌包包正品优选折扣店,品牌包包正品优选折扣店,https://store.taobao.com/shop/view_shop.htm?appUid=RAzN8HWX4GjVG1sc5AkSb3hfxCDktsULXUWEoVNAnRervH3WbXW,2024/6/28 22:39,0,,未知
山下有松（北京）文化传播有限公司,32559801,Songmont山下有松真皮手拎水桶包包女2024新款春夏小众设计高级质,https://item.taobao.com/item.htm?id=802018907899,199423,Songmont,维权成功,品牌包包正品优选折扣店,品牌包包正品优选折扣店,https://store.taobao.com/shop/view_shop.htm?appUid=RAzN8HWX4GjVG1sc5AkSb3hfxCDktsULXUWEoVNAnRervH3WbXW,2024/6/28 22:39,0,,未知
山下有松（北京）文化传播有限公司,32559789,Songmont山下有松水桶包2024新款单肩韩系高级感百搭牛皮大容量托,https://item.taobao.com/item.htm?id=802018927245,199423,Songmont,维权成功,品牌包包正品优选折扣店,品牌包包正品优选折扣店,https://store.taobao.com/shop/view_shop.htm?appUid=RAzN8HWX4GjVG1sc5AkSb3hfxCDktsULXUWEoVNAnRervH3WbXW,2024/6/28 22:39,0,,未知
山下有松（北京）文化传播有限公司,32559817,Songmont山下有松真皮女包2024新款包包水桶包大容量送妈妈包高级,https://item.taobao.com/item.htm?id=802019387389,199423,Songmont,维权成功,品牌包包正品优选折扣店,品牌包包正品优选折扣店,https://store.taobao.com/shop/view_shop.htm?appUid=RAzN8HWX4GjVG1sc5AkSb3hfxCDktsULXUWEoVNAnRervH3WbXW,2024/6/28 22:39,0,,未知
山下有松（北京）文化传播有限公司,32559757,Songmont山下有松真皮女包2024新款手提包高级感铂金包送妈妈包百,https://item.taobao.com/item.htm?id=802019663261,199423,Songmont,维权成功,品牌包包正品优选折扣店,品牌包包正品优选折扣店,https://store.taobao.com/shop/view_shop.htm?appUid=RAzN8HWX4GjVG1sc5AkSb3hfxCDktsULXUWEoVNAnRervH3WbXW,2024/6/28 22:39,0,,未知
山下有松（北京）文化传播有限公司,32559677,Songmont山下有松屋檐包挂耳系列设计师新款头层牛皮小众设计通勤,https://item.taobao.com/item.htm?id=802021595161,199423,Songmont,维权成功,品牌包包正品优选折扣店,品牌包包正品优选折扣店,https://store.taobao.com/shop/view_shop.htm?appUid=RAzN8HWX4GjVG1sc5AkSb3hfxCDktsULXUWEoVNAnRervH3WbXW,2024/6/28 22:39,0,,未知
山下有松（北京）文化传播有限公司,32559787,Songmont山下有松经典牛皮金扣手提包春夏镇店款中号大容量真皮百,https://item.taobao.com/item.htm?id=802021795122,199423,Songmont,维权成功,品牌包包正品优选折扣店,品牌包包正品优选折扣店,https://store.taobao.com/shop/view_shop.htm?appUid=RAzN8HWX4GjVG1sc5AkSb3hfxCDktsULXUWEoVNAnRervH3WbXW,2024/6/28 22:39,0,,未知
山下有松（北京）文化传播有限公司,32559795,Songmont山下有松头层牛皮迷你小手提包百搭单肩斜挎女包togo软真,https://item.taobao.com/item.htm?id=802109902886,199423,Songmont,维权成功,品牌包包正品优选折扣店,品牌包包正品优选折扣店,https://store.taobao.com/shop/view_shop.htm?appUid=RAzN8HWX4GjVG1sc5AkSb3hfxCDktsULXUWEoVNAnRervH3WbXW,2024/6/28 22:39,0,,未知
山下有松（北京）文化传播有限公司,32559802,Songmont山下有松法式小众包包女2024新款手提包高级感真皮休闲复,https://item.taobao.com/item.htm?id=802110574355,199423,Songmont,维权成功,品牌包包正品优选折扣店,品牌包包正品优选折扣店,https://store.taobao.com/shop/view_shop.htm?appUid=RAzN8HWX4GjVG1sc5AkSb3hfxCDktsULXUWEoVNAnRervH3WbXW,2024/6/28 22:39,0,,未知
山下有松（北京）文化传播有限公司,32559737,Songmont山下有松高级感大包包女夏季2024新款时尚单肩包通勤托特,https://item.taobao.com/item.htm?id=802110666952,199423,Songmont,维权成功,品牌包包正品优选折扣店,品牌包包正品优选折扣店,https://store.taobao.com/shop/view_shop.htm?appUid=RAzN8HWX4GjVG1sc5AkSb3hfxCDktsULXUWEoVNAnRervH3WbXW,2024/6/28 22:39,0,,未知
山下有松（北京）文化传播有限公司,32559783,Songmont山下有松时尚牛皮包女2024新款潮大容量水桶包百搭通勤真,https://item.taobao.com/item.htm?id=802110870024,199423,Songmont,维权成功,品牌包包正品优选折扣店,品牌包包正品优选折扣店,https://store.taobao.com/shop/view_shop.htm?appUid=RAzN8HWX4GjVG1sc5AkSb3hfxCDktsULXUWEoVNAnRervH3WbXW,2024/6/28 22:39,0,,未知
山下有松（北京）文化传播有限公司,32559693,Songmont山下有松托特包大容量真皮包包女通勤包高级感法棍包手提,https://item.taobao.com/item.htm?id=802221197837,199423,Songmont,维权成功,品牌包包正品优选折扣店,品牌包包正品优选折扣店,https://store.taobao.com/shop/view_shop.htm?appUid=RAzN8HWX4GjVG1sc5AkSb3hfxCDktsULXUWEoVNAnRervH3WbXW,2024/6/28 22:39,0,,未知
山下有松（北京）文化传播有限公司,32559653,Songmont山下有松真皮女包法式迷你托特包togo头层牛皮时尚手提包,https://item.taobao.com/item.htm?id=802242849405,199423,Songmont,维权成功,品牌包包正品优选折扣店,品牌包包正品优选折扣店,https://store.taobao.com/shop/view_shop.htm?appUid=RAzN8HWX4GjVG1sc5AkSb3hfxCDktsULXUWEoVNAnRervH3WbXW,2024/6/28 22:39,0,,未知
山下有松（北京）文化传播有限公司,32559690,Songmont山下有松挂耳托特包小个子设计师款牛皮慵懒通勤包单肩斜,https://item.taobao.com/item.htm?id=802243077784,199423,Songmont,维权成功,品牌包包正品优选折扣店,品牌包包正品优选折扣店,https://store.taobao.com/shop/view_shop.htm?appUid=RAzN8HWX4GjVG1sc5AkSb3hfxCDktsULXUWEoVNAnRervH3WbXW,2024/6/28 22:39,0,,未知
山下有松（北京）文化传播有限公司,32559751,Songmont山下有松2024新款高级高小众设计真皮女包单肩斜挎包通勤,https://item.taobao.com/item.htm?id=802243721627,199423,Songmont,维权成功,品牌包包正品优选折扣店,品牌包包正品优选折扣店,https://store.taobao.com/shop/view_shop.htm?appUid=RAzN8HWX4GjVG1sc5AkSb3hfxCDktsULXUWEoVNAnRervH3WbXW,2024/6/28 22:39,0,,未知
山下有松（北京）文化传播有限公司,32559654,Songmont山下有松斜挎包女士包包2024新款潮高级感时尚夏季迷你精,https://item.taobao.com/item.htm?id=802244101666,199423,Songmont,维权成功,品牌包包正品优选折扣店,品牌包包正品优选折扣店,https://store.taobao.com/shop/view_shop.htm?appUid=RAzN8HWX4GjVG1sc5AkSb3hfxCDktsULXUWEoVNAnRervH3WbXW,2024/6/28 22:39,0,,未知
山下有松（北京）文化传播有限公司,32559765,Songmont山下有松今年流行包包女2024新款高级质感法式小众真皮斜,https://item.taobao.com/item.htm?id=802244273583,199423,Songmont,维权成功,品牌包包正品优选折扣店,品牌包包正品优选折扣店,https://store.taobao.com/shop/view_shop.htm?appUid=RAzN8HWX4GjVG1sc5AkSb3hfxCDktsULXUWEoVNAnRervH3WbXW,2024/6/28 22:39,0,,未知
山下有松（北京）文化传播有限公司,32559788,Songmont山下有松法式云朵包今年流行狮岭包包女2024新款休闲软牛,https://item.taobao.com/item.htm?id=802244745119,199423,Songmont,维权成功,品牌包包正品优选折扣店,品牌包包正品优选折扣店,https://store.taobao.com/shop/view_shop.htm?appUid=RAzN8HWX4GjVG1sc5AkSb3hfxCDktsULXUWEoVNAnRervH3WbXW,2024/6/28 22:39,0,,未知
山下有松（北京）文化传播有限公司,32559707,Songmont山下有松包包2024新款女包真皮女包医生包包单肩手提斜挎,https://item.taobao.com/item.htm?id=802246661710,199423,Songmont,维权成功,品牌包包正品优选折扣店,品牌包包正品优选折扣店,https://store.taobao.com/shop/view_shop.htm?appUid=RAzN8HWX4GjVG1sc5AkSb3hfxCDktsULXUWEoVNAnRervH3WbXW,2024/6/28 22:39,0,,未知
山下有松（北京）文化传播有限公司,32559710,Songmont山下有松真皮包包女2024新款潮软皮大容量水桶包时尚单肩,https://item.taobao.com/item.htm?id=802294192313,199423,Songmont,维权成功,品牌包包正品优选折扣店,品牌包包正品优选折扣店,https://store.taobao.com/shop/view_shop.htm?appUid=RAzN8HWX4GjVG1sc5AkSb3hfxCDktsULXUWEoVNAnRervH3WbXW,2024/6/28 22:39,0,,未知
山下有松（北京）文化传播有限公司,32559721,Songmont山下有松真皮女包水桶包2024新款春季子母包丝巾装饰高级,https://item.taobao.com/item.htm?id=802294736910,199423,Songmont,维权成功,品牌包包正品优选折扣店,品牌包包正品优选折扣店,https://store.taobao.com/shop/view_shop.htm?appUid=RAzN8HWX4GjVG1sc5AkSb3hfxCDktsULXUWEoVNAnRervH3WbXW,2024/6/28 22:39,0,,未知
山下有松（北京）文化传播有限公司,32559782,Songmont山下有松真皮女包2024新款秋冬百搭小方包软皮休闲斜挎包,https://item.taobao.com/item.htm?id=802294836748,199423,Songmont,维权成功,品牌包包正品优选折扣店,品牌包包正品优选折扣店,https://store.taobao.com/shop/view_shop.htm?appUid=RAzN8HWX4GjVG1sc5AkSb3hfxCDktsULXUWEoVNAnRervH3WbXW,2024/6/28 22:39,0,,未知
山下有松（北京）文化传播有限公司,32559762,Songmont山下有松真皮包包2024新款通勤女包送妈妈包高级感大气手,https://item.taobao.com/item.htm?id=802295164281,199423,Songmont,维权成功,品牌包包正品优选折扣店,品牌包包正品优选折扣店,https://store.taobao.com/shop/view_shop.htm?appUid=RAzN8HWX4GjVG1sc5AkSb3hfxCDktsULXUWEoVNAnRervH3WbXW,2024/6/28 22:39,0,,未知
山下有松（北京）文化传播有限公司,32559695,Songmont山下有松手机包包女生可爱ins风甜美奶油色小清新迷你斜,https://item.taobao.com/item.htm?id=802295592728,199423,Songmont,维权成功,品牌包包正品优选折扣店,品牌包包正品优选折扣店,https://store.taobao.com/shop/view_shop.htm?appUid=RAzN8HWX4GjVG1sc5AkSb3hfxCDktsULXUWEoVNAnRervH3WbXW,2024/6/28 22:39,0,,未知
山下有松（北京）文化传播有限公司,32559662,Songmont山下有松包包2024新款头层牛皮几何包真皮枕头包单肩手提,https://item.taobao.com/item.htm?id=802296964827,199423,Songmont,维权成功,品牌包包正品优选折扣店,品牌包包正品优选折扣店,https://store.taobao.com/shop/view_shop.htm?appUid=RAzN8HWX4GjVG1sc5AkSb3hfxCDktsULXUWEoVNAnRervH3WbXW,2024/6/28 22:39,0,,未知
山下有松（北京）文化传播有限公司,32559724,Songmont山下有松新款真皮女包mini几何包牛皮枕头包单肩斜挎包拼,https://item.taobao.com/item.htm?id=802297060511,199423,Songmont,维权成功,品牌包包正品优选折扣店,品牌包包正品优选折扣店,https://store.taobao.com/shop/view_shop.htm?appUid=RAzN8HWX4GjVG1sc5AkSb3hfxCDktsULXUWEoVNAnRervH3WbXW,2024/6/28 22:39,0,,未知
山下有松（北京）文化传播有限公司,32559685,Songmont山下有松包包女包2024新款真皮几何包头层牛皮小众枕头包,https://item.taobao.com/item.htm?id=802297112179,199423,Songmont,维权成功,品牌包包正品优选折扣店,品牌包包正品优选折扣店,https://store.taobao.com/shop/view_shop.htm?appUid=RAzN8HWX4GjVG1sc5AkSb3hfxCDktsULXUWEoVNAnRervH3WbXW,2024/6/28 22:39,0,,未知
山下有松（北京）文化传播有限公司,32559670,Songmont山下有松水桶包头层牛皮手提小包2024春新款简约百搭单肩,https://item.taobao.com/item.htm?id=802297752153,199423,Songmont,维权成功,品牌包包正品优选折扣店,品牌包包正品优选折扣店,https://store.taobao.com/shop/view_shop.htm?appUid=RAzN8HWX4GjVG1sc5AkSb3hfxCDktsULXUWEoVNAnRervH3WbXW,2024/6/28 22:39,0,,未知
山下有松（北京）文化传播有限公司,32559756,Songmont山下有松凯旋门腋下包2024新款真皮质感单肩斜挎复古法式,https://item.taobao.com/item.htm?id=798872433880,199423,Songmont,维权成功,品牌包 线上折扣店,品牌包 线上折扣店,https://store.taobao.com/shop/view_shop.htm?appUid=RAzN8HWLonZmjV3xwQTcXGNkEMjVyBbEudWvu7eewHF5jmo5Ybh,2024/6/28 22:39,1,2024/3/28 23:50,老店
山下有松（北京）文化传播有限公司,32559735,Songmont山下有松韩国小众设计腋下包ins时尚小包包女2024简约银,https://item.taobao.com/item.htm?id=798912268035,199423,Songmont,维权成功,品牌包 线上折扣店,品牌包 线上折扣店,https://store.taobao.com/shop/view_shop.htm?appUid=RAzN8HWLonZmjV3xwQTcXGNkEMjVyBbEudWvu7eewHF5jmo5Ybh,2024/6/28 22:39,1,2024/3/28 23:50,老店
山下有松（北京）文化传播有限公司,32162826,Songmont山下有松同款大号麂皮挂耳托特包慵懒通勤单肩斜挎包董洁,https://item.taobao.com/item.htm?id=772308935099&skuId=5290232625568,199423,Songmont,维权成功,丿死神来了丨,品牌箱包皮具专柜,https://shop311700049.taobao.com,2024/5/10 17:29,0,,未知
山下有松（北京）文化传播有限公司,32162825,Songmont山下有松同款帆布挂耳托特系列度假风大容量新款单肩包,https://item.taobao.com/item.htm?id=780271130754&skuId=5501004375617,199423,Songmont,维权成功,丿死神来了丨,品牌箱包皮具专柜,https://shop311700049.taobao.com,2024/5/10 17:29,0,,未知
山下有松（北京）文化传播有限公司,32162983,Songmont山下有松小号巧克力包系列设计师款链条迷你手机包小方包,https://item.taobao.com/item.htm?id=770559529351&skuId=5282626453359,199423,Songmont,维权成功,丿死神来了丨,品牌箱包皮具专柜,https://shop311700049.taobao.com,2024/5/10 17:30,0,,未知
山下有松（北京）文化传播有限公司,32163048,Songmont山下有松同款中号菜篮子女设计师款大容量通勤手提水桶包,https://item.taobao.com/item.htm?id=770563125273&skuId=5282638545666,199423,Songmont,维权成功,丿死神来了丨,品牌箱包皮具专柜,https://shop311700049.taobao.com,2024/5/10 17:40,0,,未知
山下有松（北京）文化传播有限公司,32163089,Songmont山下有松同款中号软巧克力包设计师款单肩经典链条小方包,https://item.taobao.com/item.htm?id=770490568531&skuId=5459177382191,199423,Songmont,维权成功,丿死神来了丨,品牌箱包皮具专柜,https://shop311700049.taobao.com,2024/5/10 17:46,0,,未知
山下有松（北京）文化传播有限公司,32163087,Songmont山下有松同款巧克力双肩包头层牛皮大容量16寸电脑背包,https://item.taobao.com/item.htm?id=780307325449&skuId=5498150202978,199423,Songmont,维权成功,丿死神来了丨,品牌箱包皮具专柜,https://shop311700049.taobao.com,2024/5/10 17:46,0,,未知
山下有松（北京）文化传播有限公司,32163104,Songmont山下有松小号巧克力包新款牛皮斜挎链条软手机包小方包,https://item.taobao.com/item.htm?id=772229180811&skuId=5459877011155,199423,Songmont,维权成功,丿死神来了丨,品牌箱包皮具专柜,https://shop311700049.taobao.com,2024/5/10 17:47,0,,未知
山下有松（北京）文化传播有限公司,32163100,Songmont同款挂耳系列中号屋檐包设计师新款头层牛皮通勤手提斜挎,https://item.taobao.com/item.htm?id=774068191279&skuId=5298253865197,199423,Songmont,维权成功,丿死神来了丨,品牌箱包皮具专柜,https://shop311700049.taobao.com,2024/5/10 17:47,0,,未知
山下有松（北京）文化传播有限公司,32163112,Songmont同款元宝包mini菜篮子设计师款手提斜挎迷你小手机包包,https://item.taobao.com/item.htm?id=772313507779&skuId=5457120734290,199423,Songmont,维权成功,丿死神来了丨,品牌箱包皮具专柜,https://shop311700049.taobao.com,2024/5/10 17:48,0,,未知
山下有松（北京）文化传播有限公司,32163246,Songmont山下有松挂耳系列屋檐包小号头层牛皮通勤手提斜挎hobo包,https://item.taobao.com/item.htm?id=785670149029&skuId=5533039562514,199423,Songmont,维权成功,丿死神来了丨,品牌箱包皮具专柜,https://shop311700049.taobao.com,2024/5/10 18:20,0,,未知
山下有松（北京）文化传播有限公司,32163312,Songmont山下有松同款小号菜篮子系列新款大容量单肩手提水桶包,https://item.taobao.com/item.htm?id=772306162892&skuId=5290214753060,199423,Songmont,维权成功,丿死神来了丨,品牌箱包皮具专柜,https://shop311700049.taobao.com,2024/5/10 18:29,0,,未知
山下有松（北京）文化传播有限公司,32163340,Songmont山下有松中号麂皮挂耳托特包设计师款通勤单肩斜挎包,https://item.taobao.com/item.htm?id=788960839818&skuId=5383241492032,199423,Songmont,维权成功,丿死神来了丨,品牌箱包皮具专柜,https://shop311700049.taobao.com,2024/5/10 18:33,0,,未知
山下有松（北京）文化传播有限公司,32163342,Songmont山下有松挂耳系列小号牛仔行囊hobo包通勤单肩丹宁斜挎包,https://item.taobao.com/item.htm?id=791961957967&skuId=5576678787880,199423,Songmont,维权成功,丿死神来了丨,品牌箱包皮具专柜,https://shop311700049.taobao.com,2024/5/10 18:33,0,,未知
山下有松（北京）文化传播有限公司,32163343,卢昱晓同款Songmont山下有松循迹系列中号见物旅行包植鞣皮公文包,https://item.taobao.com/item.htm?id=793013703862&skuId=5416708993571,199423,Songmont,维权成功,丿死神来了丨,品牌箱包皮具专柜,https://shop311700049.taobao.com,2024/5/10 18:34,0,,未知
山下有松（北京）文化传播有限公司,32163347,Songmont山下有松挂耳托特包中号丹宁牛仔拼皮通勤单肩斜挎包,https://item.taobao.com/item.htm?id=787863764088&skuId=5376055992860,199423,Songmont,维权成功,丿死神来了丨,品牌箱包皮具专柜,https://shop311700049.taobao.com,2024/5/10 18:35,0,,未知
山下有松（北京）文化传播有限公司,32163354,Songmont山下有松挂耳系列mini屋檐包春夏头层牛皮通勤斜挎hobo包,https://item.taobao.com/item.htm?id=786949023614&skuId=5543839487067,199423,Songmont,维权成功,丿死神来了丨,品牌箱包皮具专柜,https://shop311700049.taobao.com,2024/5/10 18:36,0,,未知
山下有松（北京）文化传播有限公司,32163625,Songmont山下有松挂耳托特系列中号头层牛皮轻背负通勤单肩斜挎包,https://item.taobao.com/item.htm?id=787791846026&skuId=5379272445633,199423,Songmont,维权成功,丿死神来了丨,品牌箱包皮具专柜,https://shop311700049.taobao.com,2024/5/10 19:48,0,,未知
山下有松（北京）文化传播有限公司,32572958,【山下有松】月牙包春夏新品松月系列小众牛皮时尚单肩斜挎腋下包,https://item.taobao.com/item.htm?id=800996834079,199423,Songmont,维权成功,南风小铺vt轻奢复古,南风小铺vt轻奢复古,https://store.taobao.com/shop/view_shop.htm?appUid=RAzN8HWSiwHEhzeKuQhPds4zVdttJKAGFLkvQoW1wMj3nWdaF9U,2024/6/30 9:48,0,,未知
山下有松（北京）文化传播有限公司,32572966,【山下有松】挂耳系列屋檐包设计师新款头层牛皮通勤手提斜挎包,https://item.taobao.com/item.htm?id=800997150493,199423,Songmont,维权成功,南风小铺vt轻奢复古,南风小铺vt轻奢复古,https://store.taobao.com/shop/view_shop.htm?appUid=RAzN8HWSiwHEhzeKuQhPds4zVdttJKAGFLkvQoW1wMj3nWdaF9U,2024/6/30 9:48,0,,未知
山下有松（北京）文化传播有限公司,32572983,【山下有松】头层牛皮菜篮子女设计师款大容量单肩斜跨手提水桶包,https://item.taobao.com/item.htm?id=801173460317,199423,Songmont,维权成功,南风小铺vt轻奢复古,南风小铺vt轻奢复古,https://store.taobao.com/shop/view_shop.htm?appUid=RAzN8HWSiwHEhzeKuQhPds4zVdttJKAGFLkvQoW1wMj3nWdaF9U,2024/6/30 9:48,0,,未知
山下有松（北京）文化传播有限公司,32572957,松song挂耳托特包大容量女包13寸电脑包牛皮简约通勤包单肩斜挎包,https://item.taobao.com/item.htm?id=801174128398,199423,Songmont,维权成功,南风小铺vt轻奢复古,南风小铺vt轻奢复古,https://store.taobao.com/shop/view_shop.htm?appUid=RAzN8HWSiwHEhzeKuQhPds4zVdttJKAGFLkvQoW1wMj3nWdaF9U,2024/6/30 9:48,0,,未知
山下有松（北京）文化传播有限公司,32559792,Song中号大容量通勤手提水桶包,https://item.taobao.com/item.htm?id=794671117120,199423,Songmont,维权成功,驴大侠童装2店,驴大侠童装2店,https://store.taobao.com/shop/view_shop.htm?appUid=RAzN8HWYxmMHZaH8tJAJDesAoLki4z2F3EYzBvcTtpT6pNP8yWw,2024/6/28 22:39,1,2023/3/1 21:11,老店
山下有松（北京）文化传播有限公司,32559800,Songmont山下有松旗舰店饺包女斜挎包大容量通勤包2024新款包包单,https://item.taobao.com/item.htm?id=802492105283,199423,Songmont,维权成功,龙惠百汇,龙惠百汇,https://store.taobao.com/shop/view_shop.htm?appUid=RAzN8HWYVv8Jyexq54ZTmgeN3ZoxMBJN81k6TkhrnJspV3NkrRF,2024/6/28 22:39,1,2024/2/2 12:57,老店
山下有松（北京）文化传播有限公司,32559719,Songmont山下有松旗舰店尼龙布包包女托特包大容量夏天可斜挎2024,https://item.taobao.com/item.htm?id=802492613018,199423,Songmont,维权成功,龙惠百汇,龙惠百汇,https://store.taobao.com/shop/view_shop.htm?appUid=RAzN8HWYVv8Jyexq54ZTmgeN3ZoxMBJN81k6TkhrnJspV3NkrRF,2024/6/28 22:39,1,2024/2/2 12:57,老店
山下有松（北京）文化传播有限公司,32559759,Songmont山下有松旗舰店真皮手机小挎包2024新款女士手拿包超火斜,https://item.taobao.com/item.htm?id=802547924334,199423,Songmont,维权成功,龙惠百汇,龙惠百汇,https://store.taobao.com/shop/view_shop.htm?appUid=RAzN8HWYVv8Jyexq54ZTmgeN3ZoxMBJN81k6TkhrnJspV3NkrRF,2024/6/28 22:39,1,2024/2/2 12:57,老店
山下有松（北京）文化传播有限公司,32559669,Songmont中号菜篮子系列女设计师款头层牛皮大容量通勤手提水桶包,https://item.taobao.com/item.htm?id=805594091604,199423,Songmont,维权成功,琳琳家香港直邮,琳琳家香港直邮,https://store.taobao.com/shop/view_shop.htm?appUid=RAzN8HWYX3RcgVR77sqPcyBkS9EfZ7N81zKSYJyG6cvVMB6ew2g,2024/6/28 22:39,1,2024/4/2 17:28,老店
山下有松（北京）文化传播有限公司,32559683,Songmont元宝包mini菜篮子春夏系列设计师款手提斜挎迷你小手机包,https://item.taobao.com/item.htm?id=805676182358,199423,Songmont,维权成功,琳琳家香港直邮,琳琳家香港直邮,https://store.taobao.com/shop/view_shop.htm?appUid=RAzN8HWYX3RcgVR77sqPcyBkS9EfZ7N81zKSYJyG6cvVMB6ew2g,2024/6/28 22:39,1,2024/4/2 17:28,老店
山下有松（北京）文化传播有限公司,32559686,Songmont山下有松中号月弯包松月系列设计师月牙包通勤单肩腋下包,https://item.taobao.com/item.htm?id=805714534711,199423,Songmont,维权成功,琳琳家香港直邮,琳琳家香港直邮,https://store.taobao.com/shop/view_shop.htm?appUid=RAzN8HWYX3RcgVR77sqPcyBkS9EfZ7N81zKSYJyG6cvVMB6ew2g,2024/6/28 22:39,1,2024/4/2 17:28,老店
山下有松（北京）文化传播有限公司,32559684,Songmont山下有松挂耳系列mini屋檐包春夏头层牛皮通勤斜挎hobo包,https://item.taobao.com/item.htm?id=805838029081,199423,Songmont,维权成功,琳琳家香港直邮,琳琳家香港直邮,https://store.taobao.com/shop/view_shop.htm?appUid=RAzN8HWYX3RcgVR77sqPcyBkS9EfZ7N81zKSYJyG6cvVMB6ew2g,2024/6/28 22:39,1,2024/4/2 17:28,老店
山下有松（北京）文化传播有限公司,32163742,崧songmont同款菜篮子中号女设计师款头层牛皮大容量手提水桶包,https://item.taobao.com/item.htm?id=781893208384&skuId=5338835272865,199423,Songmont,维权成功,澜嘉慧的店,澜嘉慧的小店,https://shop417936352.taobao.com,2024/5/10 20:00,0,,未知
山下有松（北京）文化传播有限公司,32164006,ZRUR& 崧Songmont麂皮挂耳托特包大廓形轻背负通勤单肩斜挎手提包,https://item.taobao.com/item.htm?id=695108678016&skuId=4930202272680,199423,Songmont,维权成功,快乐的小刀子,佳人麦昆001,https://shop261062194.taobao.com,2024/5/10 21:13,1,2021/2/10 17:56,老店
山下有松（北京）文化传播有限公司,32163231,【新年礼物】Songmont山下有松开运红系列设计师款mini女包合集,https://item.taobao.com/item.htm?id=760484557501&skuId=5240366136243,199423,Songmont,维权成功,杰仔星01,悠悠品牌店01,https://shop251346461.taobao.com,2024/5/10 18:17,0,,未知
山下有松（北京）文化传播有限公司,32163239,Songmont挂耳系列屋檐包小号设计师款皮通勤手提斜挎hobo包,https://item.taobao.com/item.htm?id=762247705096&skuId=5423812607487,199423,Songmont,维权成功,杰仔星01,悠悠品牌店01,https://shop251346461.taobao.com,2024/5/10 18:18,0,,未知
山下有松（北京）文化传播有限公司,32163242,Songmont山下有松元宝包mini菜篮子系列春夏设计师款手提迷你小包,https://item.taobao.com/item.htm?id=762599930963&skuId=5251478276032,199423,Songmont,维权成功,杰仔星01,悠悠品牌店01,https://shop251346461.taobao.com,2024/5/10 18:18,0,,未知
山下有松（北京）文化传播有限公司,32163271,Songmont中号菜篮子系列女设计师款大容量通勤手提包,https://item.taobao.com/item.htm?id=762539701650&skuId=5254912117232,199423,Songmont,维权成功,杰仔星01,悠悠品牌店01,https://shop251346461.taobao.com,2024/5/10 18:20,0,,未知
山下有松（北京）文化传播有限公司,32163272,Songmont大号挂耳托特包系列设计师款荔枝纹慵懒通勤单肩斜挎包,https://item.taobao.com/item.htm?id=762568721128&skuId=5251450516394,199423,Songmont,维权成功,杰仔星01,悠悠品牌店01,https://shop251346461.taobao.com,2024/5/10 18:21,0,,未知
山下有松（北京）文化传播有限公司,32163313,Songmont挂耳托特包中大号设计师款牛仔拼皮通勤单肩斜挎包,https://item.taobao.com/item.htm?id=754054965996&skuId=5201228397975,199423,Songmont,维权成功,杰仔星01,悠悠品牌店01,https://shop251346461.taobao.com,2024/5/10 18:29,0,,未知
山下有松（北京）文化传播有限公司,32163323,Songmont山下有松系列中号保龄球包秋冬百搭通勤斜挎,https://item.taobao.com/item.htm?id=762458404272&skuId=5255015665014,199423,Songmont,维权成功,杰仔星01,悠悠品牌店01,https://shop251346461.taobao.com,2024/5/10 18:30,0,,未知
山下有松（北京）文化传播有限公司,32163325,Songmont保龄球包小号休闲波士顿包新款单肩包手提斜挎女包,https://item.taobao.com/item.htm?id=762591402187&skuId=5421995050921,199423,Songmont,维权成功,杰仔星01,悠悠品牌店01,https://shop251346461.taobao.com,2024/5/10 18:30,0,,未知
山下有松（北京）文化传播有限公司,32163336,Songmont中号挂耳系列屋檐包设计师新款通勤手提斜挎hobo包,https://item.taobao.com/item.htm?id=762584250114&skuId=5254991585397,199423,Songmont,维权成功,杰仔星01,悠悠品牌店01,https://shop251346461.taobao.com,2024/5/10 18:31,0,,未知
山下有松（北京）文化传播有限公司,32163335,Songmont崧大号巧克力包系列设计师新款单肩链条小方包,https://item.taobao.com/item.htm?id=762639899350&skuId=5422073786706,199423,Songmont,维权成功,杰仔星01,悠悠品牌店01,https://shop251346461.taobao.com,2024/5/10 18:31,0,,未知
山下有松（北京）文化传播有限公司,32163337,【卢昱晓同款】Songmont山下有松山行系列老花游历公文包双肩包,https://item.taobao.com/item.htm?id=775114271078&skuId=5300391392417,199423,Songmont,维权成功,杰仔星01,悠悠品牌店01,https://shop251346461.taobao.com,2024/5/10 18:32,0,,未知
山下有松（北京）文化传播有限公司,32163594,Songmont山下有松坐忘系列屋檐包中号通勤手提斜挎hobo包,https://item.taobao.com/item.htm?id=761769121699&skuId=5418921534392,199423,Songmont,维权成功,杰仔星01,悠悠品牌店01,https://shop251346461.taobao.com,2024/5/10 19:44,0,,未知
山下有松（北京）文化传播有限公司,32163595,Songmont巧克力系列中号双肩包设计师新款大容量13寸电脑背包,https://item.taobao.com/item.htm?id=762638599633&skuId=5251514356201,199423,Songmont,维权成功,杰仔星01,悠悠品牌店01,https://shop251346461.taobao.com,2024/5/10 19:44,0,,未知
山下有松（北京）文化传播有限公司,32163596,Songmont中号巧克力包系列云吞锁扣设计师新款链条小方包,https://item.taobao.com/item.htm?id=762585209393&skuId=5422077726067,199423,Songmont,维权成功,杰仔星01,悠悠品牌店01,https://shop251346461.taobao.com,2024/5/10 19:45,0,,未知
山下有松（北京）文化传播有限公司,32163604,Songmont山下有松中号菜篮子包新版锁扣新款水桶包大容量手提包崧,https://item.taobao.com/item.htm?id=762963981062&skuId=5423566098885,199423,Songmont,维权成功,杰仔星01,悠悠品牌店01,https://shop251346461.taobao.com,2024/5/10 19:45,0,,未知
山下有松（北京）文化传播有限公司,32163605,Songmont山下有松坐忘系列陶桶包秋冬新款大容量单肩斜挎水桶包,https://item.taobao.com/item.htm?id=761770217855&skuId=5248354196628,199423,Songmont,维权成功,杰仔星01,悠悠品牌店01,https://shop251346461.taobao.com,2024/5/10 19:46,0,,未知
山下有松（北京）文化传播有限公司,32163609,Songmont挂耳托特系列中号设计师款轻背负通勤单肩斜挎包,https://item.taobao.com/item.htm?id=762593266494&skuId=5255029713435,199423,Songmont,维权成功,杰仔星01,悠悠品牌店01,https://shop251346461.taobao.com,2024/5/10 19:46,0,,未知
山下有松（北京）文化传播有限公司,32163734,Songmont山下有松挂耳系列丹宁小号牛仔行囊hobo包通勤单肩斜挎包,https://item.taobao.com/item.htm?id=785130783473&skuId=5530092038398,199423,Songmont,维权成功,杰仔星01,悠悠品牌店01,https://shop251346461.taobao.com,2024/5/10 19:58,0,,未知
山下有松（北京）文化传播有限公司,32163737,崧Songmont巧克力包系列小号设计师新款单肩斜挎链条小香风小方包,https://item.taobao.com/item.htm?id=787671818286&skuId=5545174218096,199423,Songmont,维权成功,杰仔星01,悠悠品牌店01,https://shop251346461.taobao.com,2024/5/10 19:58,0,,未知
山下有松（北京）文化传播有限公司,32163738,Songmont中号崧篮子系列托特包女设计师大容量手提单肩tote包,https://item.taobao.com/item.htm?id=762596770307&skuId=5251461916133,199423,Songmont,维权成功,杰仔星01,悠悠品牌店01,https://shop251346461.taobao.com,2024/5/10 19:59,0,,未知
山下有松（北京）文化传播有限公司,32164009,Songmont山下有松挂耳系列mini屋檐包秋冬百搭通勤斜挎hobo女包,https://item.taobao.com/item.htm?id=764304068432&skuId=5432189571690,199423,Songmont,维权成功,杰仔星01,悠悠品牌店01,https://shop251346461.taobao.com,2024/5/10 21:14,0,,未知
山下有松（北京）文化传播有限公司,32559731,半日闲 新中式国风 老花挂耳托特行囊hobo包山谷托特包文墨包,https://item.taobao.com/item.htm?id=780067149473,199423,Songmont,维权成功,花间有花,花间有花,https://store.taobao.com/shop/view_shop.htm?appUid=RAzN8HWQkBgXt747BTqSrNfTJPuYPwVyJZwxj3nQyWt7hEeibta,2024/6/28 22:39,0,,未知
山下有松（北京）文化传播有限公司,32165813,Songmont山下有松儿童书包男童女童幼儿园入学男女孩宝宝双肩背包,https://detail.tmall.com/item.htm?id=784104182828&skuId=5523366862232,199423,Songmont,维权成功,哈七嘛决竹专卖店,哈七嘛决竹专卖店,https://shop289455599.taobao.com,2024/5/11 10:27,0,,未知
山下有松（北京）文化传播有限公司,32164002,。songmont豆腐挎包女斜挎头层牛皮设计师复古小方包,https://item.taobao.com/item.htm?id=653861863263&skuId=4710718340445,199423,Songmont,维权成功,广丰区阿尔上百货店,广丰区阿尔上百货店,https://shop416311488.taobao.com,2024/5/10 21:12,0,,未知
山下有松（北京）文化传播有限公司,32163721,2022新款SONGMONT中号复古水桶包大容量子母包包女,https://item.taobao.com/item.htm?id=678346584698&skuId=5045332815499,199423,Songmont,维权成功,孤独的我有谁知道,d[u2631203701],https://shop341386571.taobao.com,2024/5/10 19:52,1,2022/7/9 9:32,老店
山下有松（北京）文化传播有限公司,32572985,Song山下松元宝迷你I菜篮子女包系列春夏设计师款手提迷你小包,https://item.taobao.com/item.htm?id=805272251359,199423,Songmont,维权成功,福州奥特莱斯仓库,福州奥特莱斯仓库,https://store.taobao.com/shop/view_shop.htm?appUid=RAzN8HWKPUyeJ3MgHkf8gLVDYCiQXbto82uTNxQSRJNi58DcSYx,2024/6/30 9:48,0,,未知
山下有松（北京）文化传播有限公司,32573024,山下Song巧克力高级双肩包设计师新款大容量电脑背包小众耐脏高端,https://item.taobao.com/item.htm?id=805272279107,199423,Songmont,维权成功,福州奥特莱斯仓库,福州奥特莱斯仓库,https://store.taobao.com/shop/view_shop.htm?appUid=RAzN8HWKPUyeJ3MgHkf8gLVDYCiQXbto82uTNxQSRJNi58DcSYx,2024/6/30 9:48,0,,未知
山下有松（北京）文化传播有限公司,32572975,真皮山下有song月弯包时尚松小众系列2024腋下手提单肩月牙包包,https://item.taobao.com/item.htm?id=805272751263,199423,Songmont,维权成功,福州奥特莱斯仓库,福州奥特莱斯仓库,https://store.taobao.com/shop/view_shop.htm?appUid=RAzN8HWKPUyeJ3MgHkf8gLVDYCiQXbto82uTNxQSRJNi58DcSYx,2024/6/30 9:48,0,,未知
山下有松（北京）文化传播有限公司,32572949,李娜同款山下有song循迹系列hobo包植鞣牛皮单肩斜挎软包,https://item.taobao.com/item.htm?id=805378062343,199423,Songmont,维权成功,福州奥特莱斯仓库,福州奥特莱斯仓库,https://store.taobao.com/shop/view_shop.htm?appUid=RAzN8HWKPUyeJ3MgHkf8gLVDYCiQXbto82uTNxQSRJNi58DcSYx,2024/6/30 9:48,0,,未知
山下有松（北京）文化传播有限公司,32572976,山下有Song挂耳系列屋檐包设计师款单肩斜挎包真皮手提,https://item.taobao.com/item.htm?id=805378362039,199423,Songmont,维权成功,福州奥特莱斯仓库,福州奥特莱斯仓库,https://store.taobao.com/shop/view_shop.htm?appUid=RAzN8HWKPUyeJ3MgHkf8gLVDYCiQXbto82uTNxQSRJNi58DcSYx,2024/6/30 9:48,0,,未知
山下有松（北京）文化传播有限公司,32163008,【卢昱晓同款】Songmont山下松真皮挂耳屋檐包系列2024新潮大容量,https://item.taobao.com/item.htm?id=784830442329&skuId=5361251429208,199423,Songmont,维权成功,冯广商贸,山下松包包折扣店,https://shop599571644.taobao.com,2024/5/10 17:36,1,2023/9/21 23:26,老店
山下有松（北京）文化传播有限公司,32163012,【卢昱晓同款】Songmont山下松董洁同款慵懒风包包新潮款挂耳通勤,https://item.taobao.com/item.htm?id=784832430007&skuId=5530572011124,199423,Songmont,维权成功,冯广商贸,山下松包包折扣店,https://shop599571644.taobao.com,2024/5/10 17:37,1,2023/9/21 23:26,老店
山下有松（北京）文化传播有限公司,32163022,【卢昱晓同款】Songmont山下松保龄球包包女2024新款小众美拉德波,https://item.taobao.com/item.htm?id=785075250603&skuId=5362892213945,199423,Songmont,维权成功,冯广商贸,山下松包包折扣店,https://shop599571644.taobao.com,2024/5/10 17:37,1,2023/9/21 23:26,老店
山下有松（北京）文化传播有限公司,32163031,【卢昱晓同款】Songmont山下松新款挂耳系列真皮屋檐包小众设计通,https://item.taobao.com/item.htm?id=784831102226&skuId=5530564147431,199423,Songmont,维权成功,冯广商贸,山下松包包折扣店,https://shop599571644.taobao.com,2024/5/10 17:38,1,2023/9/21 23:26,老店
山下有松（北京）文化传播有限公司,32163040,【卢昱晓同款】Songmont山下松2024新款坐忘系列陶桶包秋冬新款大,https://item.taobao.com/item.htm?id=784885864602&skuId=5358070408020,199423,Songmont,维权成功,冯广商贸,山下松包包折扣店,https://shop599571644.taobao.com,2024/5/10 17:39,1,2023/9/21 23:26,老店
山下有松（北京）文化传播有限公司,32163060,【卢昱晓同款】Songmont山下松卢昱晓同款包包半日闲国风老花系列,https://item.taobao.com/item.htm?id=784831842814&skuId=5527908246790,199423,Songmont,维权成功,冯广商贸,山下松包包折扣店,https://shop599571644.taobao.com,2024/5/10 17:42,1,2023/9/21 23:26,老店
山下有松（北京）文化传播有限公司,32163071,【卢昱晓同款】Songmont山下松行囊hobo包包半日闲国风2024老花系,https://item.taobao.com/item.htm?id=784831638181&skuId=5527904510853,199423,Songmont,维权成功,冯广商贸,山下松包包折扣店,https://shop599571644.taobao.com,2024/5/10 17:43,1,2023/9/21 23:26,老店
山下有松（北京）文化传播有限公司,32163073,【卢昱晓同款】Songmont山下松菜篮子包菜篮子包水桶包中号小号新,https://item.taobao.com/item.htm?id=784832258751&skuId=5527910902190,199423,Songmont,维权成功,冯广商贸,山下松包包折扣店,https://shop599571644.taobao.com,2024/5/10 17:43,1,2023/9/21 23:26,老店
山下有松（北京）文化传播有限公司,32163075,【卢昱晓同款】Songmont山下松新中式复古棉麻水墨印花三角帆布袋,https://item.taobao.com/item.htm?id=785008606803&skuId=5359270816501,199423,Songmont,维权成功,冯广商贸,山下松包包折扣店,https://shop599571644.taobao.com,2024/5/10 17:44,1,2023/9/21 23:26,老店
山下有松（北京）文化传播有限公司,32163076,【卢昱晓同款】Songmont山下松2024新款黑色法棍包小众设计真皮高,https://item.taobao.com/item.htm?id=785036575068&skuId=5532169975945,199423,Songmont,维权成功,冯广商贸,山下松包包折扣店,https://shop599571644.taobao.com,2024/5/10 17:44,1,2023/9/21 23:26,老店
山下有松（北京）文化传播有限公司,32163280,【明星同款】山下有松Songmon潮女包元宝包菜篮子mini包牛皮迷你,https://item.taobao.com/item.htm?id=784900553050&skuId=5358065868656,199423,Songmont,维权成功,冯广商贸,山下松包包折扣店,https://shop599571644.taobao.com,2024/5/10 18:23,1,2023/9/21 23:26,老店
山下有松（北京）文化传播有限公司,32163285,【卢昱晓同款】Songmont山下松新款懒惰风包包仿麂皮挂耳托特包20,https://item.taobao.com/item.htm?id=784902501176&skuId=5361270217742,199423,Songmont,维权成功,冯广商贸,山下松包包折扣店,https://shop599571644.taobao.com,2024/5/10 18:24,1,2023/9/21 23:26,老店
山下有松（北京）文化传播有限公司,32163297,【卢昱晓同款】Songmont山下松大容量明星同款复古单肩腋下托特包,https://item.taobao.com/item.htm?id=784794027164&skuId=5361261225707,199423,Songmont,维权成功,冯广商贸,山下松包包折扣店,https://shop599571644.taobao.com,2024/5/10 18:25,1,2023/9/21 23:26,老店
山下有松（北京）文化传播有限公司,32163299,【卢昱晓同款】Songmont山下松今年流行银色包包女2024新潮小众设,https://item.taobao.com/item.htm?id=784887592306&skuId=5358079280569,199423,Songmont,维权成功,冯广商贸,山下松包包折扣店,https://shop599571644.taobao.com,2024/5/10 18:25,1,2023/9/21 23:26,老店
山下有松（北京）文化传播有限公司,32163298,【卢昱晓同款】Songmont山下松银色包包女新款潮小众设计链条腋下,https://item.taobao.com/item.htm?id=785073240595&skuId=5529134506261,199423,Songmont,维权成功,冯广商贸,山下松包包折扣店,https://shop599571644.taobao.com,2024/5/10 18:25,1,2023/9/21 23:26,老店
山下有松（北京）文化传播有限公司,32163364,【卢昱晓同款】Songmont山下松豆腐包重置系列春夏新款真皮高级优,https://item.taobao.com/item.htm?id=784792499419&skuId=5527896826897,199423,Songmont,维权成功,冯广商贸,山下松包包折扣店,https://shop599571644.taobao.com,2024/5/10 18:37,1,2023/9/21 23:26,老店
山下有松（北京）文化传播有限公司,32163374,【卢昱晓同款】Songmont山下松巧克力款式小中大号2024新潮小方包,https://item.taobao.com/item.htm?id=784794423755&skuId=5527913534596,199423,Songmont,维权成功,冯广商贸,山下松包包折扣店,https://shop599571644.taobao.com,2024/5/10 18:38,1,2023/9/21 23:26,老店
山下有松（北京）文化传播有限公司,32163372,【卢昱晓同款】Songmont山下松2024新款小众菜篮子单肩斜跨元宝包,https://item.taobao.com/item.htm?id=784885692926&skuId=5530569299244,199423,Songmont,维权成功,冯广商贸,山下松包包折扣店,https://shop599571644.taobao.com,2024/5/10 18:38,1,2023/9/21 23:26,老店
山下有松（北京）文化传播有限公司,32163377,【卢昱晓同款】Songmont山下松元宝包2024夏季新款元菜篮子mini包,https://item.taobao.com/item.htm?id=784792511628&skuId=5358060544816,199423,Songmont,维权成功,冯广商贸,山下松包包折扣店,https://shop599571644.taobao.com,2024/5/10 18:39,1,2023/9/21 23:26,老店
山下有松（北京）文化传播有限公司,32163376,【卢昱晓同款】Songmont山下松巧克力包真皮小号链条包小众设计云,https://item.taobao.com/item.htm?id=784794183764&skuId=5358074964442,199423,Songmont,维权成功,冯广商贸,山下松包包折扣店,https://shop599571644.taobao.com,2024/5/10 18:39,1,2023/9/21 23:26,老店
山下有松（北京）文化传播有限公司,32163378,【卢昱晓同款】Songmont山下松新款小众设计师保龄球包波士顿女包,https://item.taobao.com/item.htm?id=784795435129&skuId=5530579447255,199423,Songmont,维权成功,冯广商贸,山下松包包折扣店,https://shop599571644.taobao.com,2024/5/10 18:40,1,2023/9/21 23:26,老店
山下有松（北京）文化传播有限公司,32163566,【卢昱晓同款】Songmont山下松新款女士2024潮百搭春夏高级感手提,https://item.taobao.com/item.htm?id=785065080211&skuId=5362449413632,199423,Songmont,维权成功,冯广商贸,山下松包包折扣店,https://shop599571644.taobao.com,2024/5/10 19:40,1,2023/9/21 23:26,老店
山下有松（北京）文化传播有限公司,32163576,【卢昱晓同款】Songmont山下松小众设计师系列 竹节手提果冻包 简,https://item.taobao.com/item.htm?id=785078221582&skuId=5359263480299,199423,Songmont,维权成功,冯广商贸,山下松包包折扣店,https://shop599571644.taobao.com,2024/5/10 19:40,1,2023/9/21 23:26,老店
山下有松（北京）文化传播有限公司,32163724,【卢昱晓同款】Songmont山下松坐忘屋檐包百搭简约2024新潮季今年,https://item.taobao.com/item.htm?id=784792915365&skuId=5527900186087,199423,Songmont,维权成功,冯广商贸,山下松包包折扣店,https://shop599571644.taobao.com,2024/5/10 19:53,1,2023/9/21 23:26,老店
山下有松（北京）文化传播有限公司,32163725,【卢昱晓同款】Songmont山下松包中包收纳手拿包大容量帆布托特包,https://item.taobao.com/item.htm?id=784885236585&skuId=5530565775408,199423,Songmont,维权成功,冯广商贸,山下松包包折扣店,https://shop599571644.taobao.com,2024/5/10 19:54,1,2023/9/21 23:26,老店
山下有松（北京）文化传播有限公司,32163727,【卢昱晓同款】Songmont山下松挂耳系列屋檐包女秋冬新款百搭牛皮,https://item.taobao.com/item.htm?id=784831922941&skuId=5530571395404,199423,Songmont,维权成功,冯广商贸,山下松包包折扣店,https://shop599571644.taobao.com,2024/5/10 19:55,1,2023/9/21 23:26,老店
山下有松（北京）文化传播有限公司,32163726,【卢昱晓同款】Songmont山下松国风行囊hobo包2024新款老花系列挂,https://item.taobao.com/item.htm?id=784886348080&skuId=5358071016811,199423,Songmont,维权成功,冯广商贸,山下松包包折扣店,https://shop599571644.taobao.com,2024/5/10 19:55,1,2023/9/21 23:26,老店
山下有松（北京）文化传播有限公司,32164014,【卢昱晓同款】Songmont山下松法式复古腋下包牛仔布月牙包女2024,https://item.taobao.com/item.htm?id=784885036390&skuId=5361254041615,199423,Songmont,维权成功,冯广商贸,山下松包包折扣店,https://shop599571644.taobao.com,2024/5/10 21:17,1,2023/9/21 23:26,老店
山下有松（北京）文化传播有限公司,32164016,【卢昱晓同款】Songmont山下松中号菜篮子系列设计师款头层牛皮大,https://item.taobao.com/item.htm?id=784794775670&skuId=5530576879429,199423,Songmont,维权成功,冯广商贸,山下松包包折扣店,https://shop599571644.taobao.com,2024/5/10 21:18,1,2023/9/21 23:26,老店
山下有松（北京）文化传播有限公司,32164017,【卢昱晓同款】Songmont山下松女士新款小众设计头层石头纹高级感,https://item.taobao.com/item.htm?id=784795175516&skuId=5358080140049,199423,Songmont,维权成功,冯广商贸,山下松包包折扣店,https://shop599571644.taobao.com,2024/5/10 21:18,1,2023/9/21 23:26,老店
山下有松（北京）文化传播有限公司,32164019,【卢昱晓同款】麂皮挂耳托特包2024新潮设计师真皮单肩,https://item.taobao.com/item.htm?id=784793475737&skuId=5527906418308,199423,Songmont,维权成功,冯广商贸,山下松包包折扣店,https://shop599571644.taobao.com,2024/5/10 21:19,1,2023/9/21 23:26,老店
山下有松（北京）文化传播有限公司,32164018,【卢昱晓同款】Songmont山下松小众菜篮子系列托特包女设计师大容,https://item.taobao.com/item.htm?id=784885156845&skuId=5361256669885,199423,Songmont,维权成功,冯广商贸,山下松包包折扣店,https://shop599571644.taobao.com,2024/5/10 21:19,1,2023/9/21 23:26,老店
山下有松（北京）文化传播有限公司,32164022,【卢昱晓同款】Songmont山下松复古麂皮挂耳托特包女真皮大廓形女,https://item.taobao.com/item.htm?id=784832398809&skuId=5358074728453,199423,Songmont,维权成功,冯广商贸,山下松包包折扣店,https://shop599571644.taobao.com,2024/5/10 21:20,1,2023/9/21 23:26,老店
山下有松（北京）文化传播有限公司,32164024,【卢昱晓同款】Songmont山下松巧克力包mini系列设计师款链条迷你,https://item.taobao.com/item.htm?id=785052040679&skuId=5359182632352,199423,Songmont,维权成功,冯广商贸,山下松包包折扣店,https://shop599571644.taobao.com,2024/5/10 21:21,1,2023/9/21 23:26,老店
山下有松（北京）文化传播有限公司,32164026,【卢昱晓同款】Songmont山下松双肩包背包商务大容量2024新潮休闲,https://item.taobao.com/item.htm?id=784792535780&skuId=5358063340027,199423,Songmont,维权成功,冯广商贸,山下松包包折扣店,https://shop599571644.taobao.com,2024/5/10 21:22,1,2023/9/21 23:26,老店
山下有松（北京）文化传播有限公司,32164039,【卢昱晓同款】Songmont山下松皮带女2024新潮时尚百搭真皮腰带女,https://item.taobao.com/item.htm?id=784833702674&skuId=5361273889142,199423,Songmont,维权成功,冯广商贸,山下松包包折扣店,https://shop599571644.taobao.com,2024/5/10 21:24,1,2023/9/21 23:26,老店
山下有松（北京）文化传播有限公司,32164051,【卢昱晓同款】Songmont山下松2024新潮挂耳托特中号设计师款高档,https://item.taobao.com/item.htm?id=784887940842&skuId=5361272513233,199423,Songmont,维权成功,冯广商贸,山下松包包折扣店,https://shop599571644.taobao.com,2024/5/10 21:25,1,2023/9/21 23:26,老店
山下有松（北京）文化传播有限公司,32164055,【卢昱晓同款】Songmont山下松高级感包包女秋冬小众女包2024新款,https://item.taobao.com/item.htm?id=784902189265&skuId=5527915362912,199423,Songmont,维权成功,冯广商贸,山下松包包折扣店,https://shop599571644.taobao.com,2024/5/10 21:25,1,2023/9/21 23:26,老店
山下有松（北京）文化传播有限公司,32164056,【卢昱晓同款】Songmont山下松2024春夏新款月牙包月弯包高级感小,https://item.taobao.com/item.htm?id=784832474584&skuId=5361265377633,199423,Songmont,维权成功,冯广商贸,山下松包包折扣店,https://shop599571644.taobao.com,2024/5/10 21:26,1,2023/9/21 23:26,老店
山下有松（北京）文化传播有限公司,32164057,【卢昱晓同款】Songmont山下松独特小众设计包包2024新款女包高级,https://item.taobao.com/item.htm?id=784887428929&skuId=5361270433849,199423,Songmont,维权成功,冯广商贸,山下松包包折扣店,https://shop599571644.taobao.com,2024/5/10 21:26,1,2023/9/21 23:26,老店
山下有松（北京）文化传播有限公司,32164061,【卢昱晓同款】Songmont山下松真皮挂耳托特包2024新款女大包14寸,https://item.taobao.com/item.htm?id=784793611201&skuId=5527905294926,199423,Songmont,维权成功,冯广商贸,山下松包包折扣店,https://shop599571644.taobao.com,2024/5/10 21:27,1,2023/9/21 23:26,老店
山下有松（北京）文化传播有限公司,32164058,【卢昱晓同款】Songmont山下松巧克力盒子包小号设计师款高级感鳄,https://item.taobao.com/item.htm?id=784794919884&skuId=5361271377231,199423,Songmont,维权成功,冯广商贸,山下松包包折扣店,https://shop599571644.taobao.com,2024/5/10 21:27,1,2023/9/21 23:26,老店
山下有松（北京）文化传播有限公司,32164066,【卢昱晓同款】Songmont山下松巧克力系列新款小众设计真皮质感小,https://item.taobao.com/item.htm?id=784793219970&skuId=5530566451389,199423,Songmont,维权成功,冯广商贸,山下松包包折扣店,https://shop599571644.taobao.com,2024/5/10 21:28,1,2023/9/21 23:26,老店
山下有松（北京）文化传播有限公司,32164070,【卢昱晓同款】Songmont山下松小众设计韩版双肩包包2024新潮百搭,https://item.taobao.com/item.htm?id=785137604993&skuId=5359733532733,199423,Songmont,维权成功,冯广商贸,山下松包包折扣店,https://shop599571644.taobao.com,2024/5/10 21:29,1,2023/9/21 23:26,老店
山下有松（北京）文化传播有限公司,32164087,【卢昱晓同款】Songmont山下松流浪包袋真皮抽绳链条包小众设计通,https://item.taobao.com/item.htm?id=785142361802&skuId=5532173111730,199423,Songmont,维权成功,冯广商贸,山下松包包折扣店,https://shop599571644.taobao.com,2024/5/10 21:29,1,2023/9/21 23:26,老店
山下有松（北京）文化传播有限公司,32164097,【卢昱晓同款】Songmont山下松牛皮挂耳真皮水桶包2024新款荔枝纹,https://item.taobao.com/item.htm?id=784793491027&skuId=5361258665219,199423,Songmont,维权成功,冯广商贸,山下松包包折扣店,https://shop599571644.taobao.com,2024/5/10 21:30,1,2023/9/21 23:26,老店
山下有松（北京）文化传播有限公司,32164091,【卢昱晓同款】Songmont山下松小众手提通勤包包春夏女新款潮复古,https://item.taobao.com/item.htm?id=785078669409&skuId=5529095674681,199423,Songmont,维权成功,冯广商贸,山下松包包折扣店,https://shop599571644.taobao.com,2024/5/10 21:30,1,2023/9/21 23:26,老店
山下有松（北京）文化传播有限公司,32572970,【山下有松】头层牛皮菜篮子水桶包真皮手提单肩斜挎女包包大容量,https://item.taobao.com/item.htm?id=803131111362,199423,Songmont,维权成功,楚雨代购,楚雨代购,https://store.taobao.com/shop/view_shop.htm?appUid=RAzN8HWQDna8MCJPViePHwEVL6yWsudcR71BktGME51wt5LgErj,2024/6/30 9:48,1,2023/7/1 11:16,老店
山下有松（北京）文化传播有限公司,32163751,崧songmont托特包mini手提斜挎女原创设计双面牛皮时尚迷你小包包,https://item.taobao.com/item.htm?id=664795237985&skuId=4962463458973,199423,Songmont,维权成功,驰之辉百货店,驰之辉百货店的小店,https://shop369513150.taobao.com,2024/5/10 20:03,1,2021/11/21 16:19,老店
山下有松（北京）文化传播有限公司,32559701,Songmont山下有松旗舰店真皮手提笑脸包包女2024新款时尚轻便托特,https://item.taobao.com/item.htm?id=802370414187,199423,Songmont,维权成功,昌俊名选,昌俊名选,https://store.taobao.com/shop/view_shop.htm?appUid=RAzN8HWKDTFczJTRcnSKAqzTq8pob1tbzkdKaYix1pQRdMuP6EU,2024/6/28 22:39,1,2024/1/25 18:19,老店
山下有松（北京）文化传播有限公司,32559799,Songmont山下有松旗舰店铃铛鳗鱼纹真皮单肩包包女2024新款百搭饭,https://item.taobao.com/item.htm?id=802505377292,199423,Songmont,维权成功,昌俊名选,昌俊名选,https://store.taobao.com/shop/view_shop.htm?appUid=RAzN8HWKDTFczJTRcnSKAqzTq8pob1tbzkdKaYix1pQRdMuP6EU,2024/6/28 22:39,1,2024/1/25 18:19,老店
山下有松（北京）文化传播有限公司,32559741,Songmont山下有松旗舰店小众质感迷你小包包女2024新款简约休闲手,https://item.taobao.com/item.htm?id=802554692838,199423,Songmont,维权成功,昌俊名选,昌俊名选,https://store.taobao.com/shop/view_shop.htm?appUid=RAzN8HWKDTFczJTRcnSKAqzTq8pob1tbzkdKaYix1pQRdMuP6EU,2024/6/28 22:39,1,2024/1/25 18:19,老店
山下有松（北京）文化传播有限公司,32559655,卢昱晓同款Songmon山行系列游历公文包大容量通勤帆布牛仔双肩包,https://item.taobao.com/item.htm?id=801683588240,199423,Songmont,维权成功,艾凡高级定制,艾凡高级定制,https://store.taobao.com/shop/view_shop.htm?appUid=RAzN8HWQAgwJ615rFBHpKmFKhiYzJtTjEPjAcNtg2UGSqQKy3VH,2024/6/28 22:39,0,,未知
山下有松（北京）文化传播有限公司,32163741,崧Songmont月牙包2023新款单肩腋下包女小众轻奢春夏新品春夏包,https://item.taobao.com/item.htm?id=788242430632&skuId=5381811041661,199423,Songmont,维权成功,18942351883东,songsongyoyo,https://shop350204893.taobao.com,2024/5/10 20:00,0,,未知
山下有松（北京）文化传播有限公司,32163744,Songmont挂耳系列小中号mini屋檐包秋冬头层牛皮通勤斜挎hobo包,https://item.taobao.com/item.htm?id=782360158360&skuId=5344890341121,199423,Songmont,维权成功,18942351883东,songsongyoyo,https://shop350204893.taobao.com,2024/5/10 20:01,0,,未知
山下有松（北京）文化传播有限公司,32163748,songmont真皮麂皮挂耳托特包大容量复古通勤水桶包斜挎托特大中号,https://item.taobao.com/item.htm?id=782113738466&skuId=5340375884941,199423,Songmont,维权成功,18942351883东,songsongyoyo,https://shop350204893.taobao.com,2024/5/10 20:02,0,,未知
山下有松（北京）文化传播有限公司,32163750,Songmont山下有松元宝包mini菜篮子系列春夏设计师款手提迷你小包,https://item.taobao.com/item.htm?id=788319185938&skuId=5378649896377,199423,Songmont,维权成功,18942351883东,songsongyoyo,https://shop350204893.taobao.com,2024/5/10 20:02,0,,未知
山下有松（北京）文化传播有限公司,32164000,山下有松songmont菜篮子系列新款锁扣手提水桶包中号斜挎大容量包,https://item.taobao.com/item.htm?id=782355190253&skuId=5344856193600,199423,Songmont,维权成功,18942351883东,songsongyoyo,https://shop350204893.taobao.com,2024/5/10 21:11,0,,未知
山下有松（北京）文化传播有限公司,32163993,Songmont山下有松山行系列老花游历公文包双肩包牛仔公文包,https://item.taobao.com/item.htm?id=788324789808&skuId=5381788305637,199423,Songmont,维权成功,18942351883东,songsongyoyo,https://shop350204893.taobao.com,2024/5/10 21:11,0,,未知
